"X1","X2","value","rsquared","latitude","longitude"
"Baltimore, MD","Akron, OH",1,0.420820309362623,39.29038,-76.61219
"Boston, MA","Akron, OH",1,0.319045049726675,42.35843,-71.05977
"Charleston, SC","Akron, OH",1,0.897754957123057,32.77657,-79.93092
"Chicago, IL","Akron, OH",1,0.451229040418717,41.85003,-87.65005
"Cincinnati, OH","Akron, OH",1,0.0761256956583688,39.162,-84.45689
"Denver, CO","Akron, OH",1,0.119271082975592,39.73915,-104.9847
"Los Angeles, CA","Akron, OH",1,0.288078307545898,34.05223,-118.24368
"Miami, FL","Akron, OH",1,0.622251437144646,25.77427,-80.19366
"San Francisco, CA","Akron, OH",1,0.411217159000788,37.77493,-122.41942
"Washington, D.C., DC","Akron, OH",1,1,38.89511,-77.03637
"Baltimore, MD","Arlington, TX",1,0.420820309362623,39.29038,-76.61219
"Boston, MA","Arlington, TX",1,0.319045049726675,42.35843,-71.05977
"Charleston, SC","Arlington, TX",1,0.897754957123057,32.77657,-79.93092
"Chicago, IL","Arlington, TX",1,0.451229040418717,41.85003,-87.65005
"Phoenix, AZ","Arlington, TX",1,0.194492798435845,33.44838,-112.07404
"Washington, D.C., DC","Arlington, TX",1,1,38.89511,-77.03637
"Baltimore, MD","Asheville, NC",1,0.420820309362623,39.29038,-76.61219
"Charleston, SC","Asheville, NC",1,0.897754957123057,32.77657,-79.93092
"Chicago, IL","Asheville, NC",1,0.451229040418717,41.85003,-87.65005
"Los Angeles, CA","Asheville, NC",1,0.288078307545898,34.05223,-118.24368
"Philadelphia, PA","Asheville, NC",1,0.338995763406876,39.95233,-75.16379
"San Francisco, CA","Asheville, NC",1,0.411217159000788,37.77493,-122.41942
"Washington, D.C., DC","Asheville, NC",1,1,38.89511,-77.03637
"Boston, MA","Atlanta, GA",1,0.319045049726675,42.35843,-71.05977
"Charleston, SC","Atlanta, GA",1,0.897754957123057,32.77657,-79.93092
"Washington, D.C., DC","Atlanta, GA",1,1,38.89511,-77.03637
"Akron, OH","Baltimore, MD",1,0.0822403447029508,41.08144,-81.51901
"Arlington, TX","Baltimore, MD",1,0.0906066104767831,32.73569,-97.10807
"Asheville, NC","Baltimore, MD",1,0.0961714156102361,35.60095,-82.55402
"Berkeley, CA","Baltimore, MD",1,0.169136228275831,37.87159,-122.27275
"Boise, ID","Baltimore, MD",1,0.130973659665134,43.6135,-116.20345
"Boulder, CO","Baltimore, MD",1,0.0922114363460751,40.01499,-105.27055
"Burlington, VT","Baltimore, MD",1,0.13432498471558,44.47588,-73.21207
"Cedar Rapids, IA","Baltimore, MD",1,0.115455113032747,42.00833,-91.64407
"Charleston, SC","Baltimore, MD",1,0.897754957123057,32.77657,-79.93092
"Chattanooga, TN","Baltimore, MD",1,0.0232041045801098,35.04563,-85.30968
"Cheyenne, WY","Baltimore, MD",1,0.114168438944151,41.13998,-104.82025
"Chicago, IL","Baltimore, MD",1,0.451229040418717,41.85003,-87.65005
"Cleveland, OH","Baltimore, MD",1,0.0775692579828383,41.4995,-81.69541
"Columbus, OH","Baltimore, MD",1,0.0487628954344503,39.96118,-82.99879
"Corpus Christi, TX","Baltimore, MD",1,0.0845277299397754,27.80058,-97.39638
"Dallas, TX","Baltimore, MD",1,0.197858011541574,32.78306,-96.80667
"Dayton, OH","Baltimore, MD",1,0.0896510943649442,39.75895,-84.19161
"Dearborn, MI","Baltimore, MD",1,0.092080173565032,42.32226,-83.17631
"Denton, TX","Baltimore, MD",1,0.0850693446341524,33.21484,-97.13307
"Des Moines, IA","Baltimore, MD",1,0.073562530290963,41.60054,-93.60911
"Fort Wayne, IN","Baltimore, MD",1,0.0800873857154442,41.1306,-85.12886
"Fort Worth, TX","Baltimore, MD",1,0.0400892138474912,32.72541,-97.32085
"Framingham, MA","Baltimore, MD",1,0.068499899140598,42.27926,-71.41617
"Fresno, CA","Baltimore, MD",1,0.0554874214809863,36.74773,-119.77237
"Grand Forks, ND","Baltimore, MD",1,0.0604183710362153,47.92526,-97.03285
"Grand Rapids, MI","Baltimore, MD",1,0.0779373386080868,42.96336,-85.66809
"Hollywood, CA","Baltimore, MD",1,0.334681648210652,34.09834,-118.32674
"Houston, TX","Baltimore, MD",1,0.281535455835725,29.76328,-95.36327
"Indianapolis, IN","Baltimore, MD",1,0.0724012299164762,39.76838,-86.15804
"Jacksonville, FL","Baltimore, MD",1,0.107292898126246,30.33218,-81.65565
"Lafayette, LA","Baltimore, MD",1,0.0564136413366194,30.22409,-92.01984
"Las Vegas, NV","Baltimore, MD",1,0.0248646567686991,36.17497,-115.13722
"Long Beach, CA","Baltimore, MD",1,0.119506914464349,33.76696,-118.18923
"Longview, TX","Baltimore, MD",1,0.109331244065183,32.5007,-94.74049
"Los Angeles, CA","Baltimore, MD",1,0.288078307545898,34.05223,-118.24368
"Lubbock, TX","Baltimore, MD",1,0.153063868550416,33.57786,-101.85517
"Manhattan, NY","Baltimore, MD",1,0.132629679699982,40.78343,-73.96625
"Memphis, TN","Baltimore, MD",1,0.0603584384924529,35.14953,-90.04898
"Miami, FL","Baltimore, MD",1,0.622251437144646,25.77427,-80.19366
"Milwaukee, WI","Baltimore, MD",1,0.051704488345776,43.0389,-87.90647
"Missoula, MT","Baltimore, MD",1,0.0721837397773168,46.87215,-113.994
"Muskegon, MI","Baltimore, MD",1,0.0324272706312012,43.23418,-86.24839
"New Haven, CT","Baltimore, MD",1,0.0275060084285057,41.30815,-72.92816
"New Orleans, LA","Baltimore, MD",1,0.0529215779585864,29.95465,-90.07507
"Newark, NJ","Baltimore, MD",1,0.0252859031229,40.73566,-74.17237
"Norfolk, VA","Baltimore, MD",1,0.0709120488942715,36.84681,-76.28522
"North Charleston, SC","Baltimore, MD",1,0.0769195156107602,32.85462,-79.97481
"Oakland, CA","Baltimore, MD",1,0.143459338112443,37.80437,-122.2708
"Omaha, NE","Baltimore, MD",1,0.111657803470143,41.25861,-95.93779
"Orlando, FL","Baltimore, MD",1,0.0363156941972536,28.53834,-81.37924
"Raleigh, NC","Baltimore, MD",1,0.050245944648319,35.7721,-78.63861
"Rapid City, SD","Baltimore, MD",1,0.0717847627010361,44.08054,-103.23101
"Reno, NV","Baltimore, MD",1,0.0767701659154304,39.52963,-119.8138
"Richmond, VA","Baltimore, MD",1,0.0556556273874375,37.55376,-77.46026
"Rochester, NY","Baltimore, MD",1,0.121806262456898,43.15478,-77.61556
"Sacramento, CA","Baltimore, MD",1,0.0684921676325551,38.58157,-121.4944
"Salem, OR","Baltimore, MD",1,0.0812502022075778,44.9429,-123.0351
"Salt Lake City, UT","Baltimore, MD",1,0.06370635802532,40.76078,-111.89105
"San Antonio, TX","Baltimore, MD",1,0.111473752578563,29.42412,-98.49363
"San Diego, CA","Baltimore, MD",1,0.109755850690078,32.71533,-117.15726
"San Francisco, CA","Baltimore, MD",1,0.411217159000788,37.77493,-122.41942
"Sioux City, IA","Baltimore, MD",1,0.11951800111249,42.49999,-96.40031
"Sioux Falls, SD","Baltimore, MD",1,0.102682589848881,43.54997,-96.70033
"Stockton, CA","Baltimore, MD",1,0.0512250832914343,37.9577,-121.29078
"Tampa, FL","Baltimore, MD",1,0.0669790147402606,27.94752,-82.45843
"Tempe, AZ","Baltimore, MD",1,0.0923955660093212,33.41477,-111.90931
"Topeka, KS","Baltimore, MD",1,0.134262637764417,39.04833,-95.67804
"Trenton, NJ","Baltimore, MD",1,0.0893379191699385,40.21705,-74.74294
"Tulsa, OK","Baltimore, MD",1,0.0621626984347561,36.15398,-95.99277
"Tuscaloosa, AL","Baltimore, MD",1,0.0471284190231739,33.20984,-87.56917
"Washington, D.C., DC","Baltimore, MD",1,1,38.89511,-77.03637
"Baltimore, MD","Berkeley, CA",1,0.420820309362623,39.29038,-76.61219
"Boston, MA","Berkeley, CA",1,0.319045049726675,42.35843,-71.05977
"Charleston, SC","Berkeley, CA",1,0.897754957123057,32.77657,-79.93092
"Chicago, IL","Berkeley, CA",1,0.451229040418717,41.85003,-87.65005
"Dallas, TX","Berkeley, CA",1,0.197858011541574,32.78306,-96.80667
"Dearborn, MI","Berkeley, CA",1,0.092080173565032,42.32226,-83.17631
"Dover, DE","Berkeley, CA",1,0.120826211782038,39.15817,-75.52437
"El Paso, TX","Berkeley, CA",1,0.0558539762561872,31.75872,-106.48693
"Fresno, CA","Berkeley, CA",1,0.0554874214809863,36.74773,-119.77237
"Hollywood, CA","Berkeley, CA",1,0.334681648210652,34.09834,-118.32674
"Houston, TX","Berkeley, CA",1,0.281535455835725,29.76328,-95.36327
"Los Angeles, CA","Berkeley, CA",1,0.288078307545898,34.05223,-118.24368
"Miami, FL","Berkeley, CA",1,0.622251437144646,25.77427,-80.19366
"Missoula, MT","Berkeley, CA",1,0.0721837397773168,46.87215,-113.994
"Oakland, CA","Berkeley, CA",1,0.143459338112443,37.80437,-122.2708
"Omaha, NE","Berkeley, CA",1,0.111657803470143,41.25861,-95.93779
"Reno, NV","Berkeley, CA",1,0.0767701659154304,39.52963,-119.8138
"Salt Lake City, UT","Berkeley, CA",1,0.06370635802532,40.76078,-111.89105
"Sioux City, IA","Berkeley, CA",1,0.11951800111249,42.49999,-96.40031
"Springfield, IL","Berkeley, CA",1,0.109735491039493,39.80172,-89.64371
"Topeka, KS","Berkeley, CA",1,0.134262637764417,39.04833,-95.67804
"Tulsa, OK","Berkeley, CA",1,0.0621626984347561,36.15398,-95.99277
"Washington, D.C., DC","Berkeley, CA",1,1,38.89511,-77.03637
"Baltimore, MD","Boise, ID",1,0.420820309362623,39.29038,-76.61219
"Boston, MA","Boise, ID",1,0.319045049726675,42.35843,-71.05977
"Charleston, SC","Boise, ID",1,0.897754957123057,32.77657,-79.93092
"Chicago, IL","Boise, ID",1,0.451229040418717,41.85003,-87.65005
"Cleveland, OH","Boise, ID",1,0.0775692579828383,41.4995,-81.69541
"Dallas, TX","Boise, ID",1,0.197858011541574,32.78306,-96.80667
"Miami, FL","Boise, ID",1,0.622251437144646,25.77427,-80.19366
"San Francisco, CA","Boise, ID",1,0.411217159000788,37.77493,-122.41942
"Washington, D.C., DC","Boise, ID",1,1,38.89511,-77.03637
"Akron, OH","Boston, MA",1,0.0822403447029508,41.08144,-81.51901
"Arlington, TX","Boston, MA",1,0.0906066104767831,32.73569,-97.10807
"Atlanta, GA","Boston, MA",1,0.0222125389276832,33.749,-84.38798
"Berkeley, CA","Boston, MA",1,0.169136228275831,37.87159,-122.27275
"Boise, ID","Boston, MA",1,0.130973659665134,43.6135,-116.20345
"Boulder, CO","Boston, MA",1,0.0922114363460751,40.01499,-105.27055
"Burlington, VT","Boston, MA",1,0.13432498471558,44.47588,-73.21207
"Charleston, SC","Boston, MA",1,0.897754957123057,32.77657,-79.93092
"Chattanooga, TN","Boston, MA",1,0.0232041045801098,35.04563,-85.30968
"Colorado Springs, CO","Boston, MA",1,0.0815830768289133,38.83388,-104.82136
"Dallas, TX","Boston, MA",1,0.197858011541574,32.78306,-96.80667
"Dayton, OH","Boston, MA",1,0.0896510943649442,39.75895,-84.19161
"Dearborn, MI","Boston, MA",1,0.092080173565032,42.32226,-83.17631
"Des Moines, IA","Boston, MA",1,0.073562530290963,41.60054,-93.60911
"Dover, DE","Boston, MA",1,0.120826211782038,39.15817,-75.52437
"El Paso, TX","Boston, MA",1,0.0558539762561872,31.75872,-106.48693
"Fort Lauderdale, FL","Boston, MA",1,0.118212436809417,26.12231,-80.14338
"Fort Wayne, IN","Boston, MA",1,0.0800873857154442,41.1306,-85.12886
"Framingham, MA","Boston, MA",1,0.068499899140598,42.27926,-71.41617
"Grand Forks, ND","Boston, MA",1,0.0604183710362153,47.92526,-97.03285
"Grand Rapids, MI","Boston, MA",1,0.0779373386080868,42.96336,-85.66809
"Jacksonville, FL","Boston, MA",1,0.107292898126246,30.33218,-81.65565
"Lafayette, LA","Boston, MA",1,0.0564136413366194,30.22409,-92.01984
"Longview, TX","Boston, MA",1,0.109331244065183,32.5007,-94.74049
"Los Angeles, CA","Boston, MA",1,0.288078307545898,34.05223,-118.24368
"Memphis, TN","Boston, MA",1,0.0603584384924529,35.14953,-90.04898
"Miami, FL","Boston, MA",1,0.622251437144646,25.77427,-80.19366
"Nashville, TN","Boston, MA",1,0.0471423260906846,36.16589,-86.78444
"New Orleans, LA","Boston, MA",1,0.0529215779585864,29.95465,-90.07507
"North Charleston, SC","Boston, MA",1,0.0769195156107602,32.85462,-79.97481
"Omaha, NE","Boston, MA",1,0.111657803470143,41.25861,-95.93779
"Rapid City, SD","Boston, MA",1,0.0717847627010361,44.08054,-103.23101
"Richmond, VA","Boston, MA",1,0.0556556273874375,37.55376,-77.46026
"Salt Lake City, UT","Boston, MA",1,0.06370635802532,40.76078,-111.89105
"San Antonio, TX","Boston, MA",1,0.111473752578563,29.42412,-98.49363
"San Bernardino, CA","Boston, MA",1,0.0504756291097066,34.10834,-117.28977
"San Diego, CA","Boston, MA",1,0.109755850690078,32.71533,-117.15726
"Sioux City, IA","Boston, MA",1,0.11951800111249,42.49999,-96.40031
"Stockton, CA","Boston, MA",1,0.0512250832914343,37.9577,-121.29078
"Syracuse, NY","Boston, MA",1,0.102514938267383,43.04812,-76.14742
"Tempe, AZ","Boston, MA",1,0.0923955660093212,33.41477,-111.90931
"Tucson, AZ","Boston, MA",1,0.0803067687671964,32.22174,-110.92648
"Tulsa, OK","Boston, MA",1,0.0621626984347561,36.15398,-95.99277
"Washington, D.C., DC","Boston, MA",1,1,38.89511,-77.03637
"Worcester, MA","Boston, MA",1,0.0679975582453594,42.26259,-71.80229
"Baltimore, MD","Boulder, CO",1,0.420820309362623,39.29038,-76.61219
"Boston, MA","Boulder, CO",1,0.319045049726675,42.35843,-71.05977
"Charleston, SC","Boulder, CO",1,0.897754957123057,32.77657,-79.93092
"Chicago, IL","Boulder, CO",1,0.451229040418717,41.85003,-87.65005
"Houston, TX","Boulder, CO",1,0.281535455835725,29.76328,-95.36327
"Los Angeles, CA","Boulder, CO",1,0.288078307545898,34.05223,-118.24368
"Miami, FL","Boulder, CO",1,0.622251437144646,25.77427,-80.19366
"San Francisco, CA","Boulder, CO",1,0.411217159000788,37.77493,-122.41942
"Washington, D.C., DC","Boulder, CO",1,1,38.89511,-77.03637
"Charleston, SC","Brockton, MA",1,0.897754957123057,32.77657,-79.93092
"Dallas, TX","Brockton, MA",1,0.197858011541574,32.78306,-96.80667
"Houston, TX","Brockton, MA",1,0.281535455835725,29.76328,-95.36327
"Miami, FL","Brockton, MA",1,0.622251437144646,25.77427,-80.19366
"Washington, D.C., DC","Brockton, MA",1,1,38.89511,-77.03637
"Baltimore, MD","Burlington, VT",1,0.420820309362623,39.29038,-76.61219
"Boston, MA","Burlington, VT",1,0.319045049726675,42.35843,-71.05977
"Charleston, SC","Burlington, VT",1,0.897754957123057,32.77657,-79.93092
"Chicago, IL","Burlington, VT",1,0.451229040418717,41.85003,-87.65005
"Dallas, TX","Burlington, VT",1,0.197858011541574,32.78306,-96.80667
"Denver, CO","Burlington, VT",1,0.119271082975592,39.73915,-104.9847
"Houston, TX","Burlington, VT",1,0.281535455835725,29.76328,-95.36327
"Los Angeles, CA","Burlington, VT",1,0.288078307545898,34.05223,-118.24368
"Miami, FL","Burlington, VT",1,0.622251437144646,25.77427,-80.19366
"Washington, D.C., DC","Burlington, VT",1,1,38.89511,-77.03637
"Baltimore, MD","Cedar Rapids, IA",1,0.420820309362623,39.29038,-76.61219
"Charleston, SC","Cedar Rapids, IA",1,0.897754957123057,32.77657,-79.93092
"Philadelphia, PA","Cedar Rapids, IA",1,0.338995763406876,39.95233,-75.16379
"Washington, D.C., DC","Cedar Rapids, IA",1,1,38.89511,-77.03637
"Akron, OH","Charleston, SC",1,0.0822403447029508,41.08144,-81.51901
"Arlington, TX","Charleston, SC",1,0.0906066104767831,32.73569,-97.10807
"Asheville, NC","Charleston, SC",1,0.0961714156102361,35.60095,-82.55402
"Atlanta, GA","Charleston, SC",1,0.0222125389276832,33.749,-84.38798
"Baltimore, MD","Charleston, SC",1,0.420820309362623,39.29038,-76.61219
"Berkeley, CA","Charleston, SC",1,0.169136228275831,37.87159,-122.27275
"Boise, ID","Charleston, SC",1,0.130973659665134,43.6135,-116.20345
"Boston, MA","Charleston, SC",1,0.319045049726675,42.35843,-71.05977
"Boulder, CO","Charleston, SC",1,0.0922114363460751,40.01499,-105.27055
"Brockton, MA","Charleston, SC",1,0.0739837959663356,42.08343,-71.01838
"Burlington, VT","Charleston, SC",1,0.13432498471558,44.47588,-73.21207
"Cedar Rapids, IA","Charleston, SC",1,0.115455113032747,42.00833,-91.64407
"Charlotte, NC","Charleston, SC",1,0.0179964157087313,35.22709,-80.84313
"Charlottesville, VA","Charleston, SC",1,0.0514965671788316,38.02931,-78.47668
"Chattanooga, TN","Charleston, SC",1,0.0232041045801098,35.04563,-85.30968
"Cheyenne, WY","Charleston, SC",1,0.114168438944151,41.13998,-104.82025
"Chicago, IL","Charleston, SC",1,0.451229040418717,41.85003,-87.65005
"Cincinnati, OH","Charleston, SC",1,0.0761256956583688,39.162,-84.45689
"Cleveland, OH","Charleston, SC",1,0.0775692579828383,41.4995,-81.69541
"Colorado Springs, CO","Charleston, SC",1,0.0815830768289133,38.83388,-104.82136
"Columbus, OH","Charleston, SC",1,0.0487628954344503,39.96118,-82.99879
"Corpus Christi, TX","Charleston, SC",1,0.0845277299397754,27.80058,-97.39638
"Dallas, TX","Charleston, SC",1,0.197858011541574,32.78306,-96.80667
"Dayton, OH","Charleston, SC",1,0.0896510943649442,39.75895,-84.19161
"Denton, TX","Charleston, SC",1,0.0850693446341524,33.21484,-97.13307
"Denver, CO","Charleston, SC",1,0.119271082975592,39.73915,-104.9847
"Des Moines, IA","Charleston, SC",1,0.073562530290963,41.60054,-93.60911
"Detroit, MI","Charleston, SC",1,0.141250137361405,42.33143,-83.04575
"Dover, DE","Charleston, SC",1,0.120826211782038,39.15817,-75.52437
"El Paso, TX","Charleston, SC",1,0.0558539762561872,31.75872,-106.48693
"Fort Lauderdale, FL","Charleston, SC",1,0.118212436809417,26.12231,-80.14338
"Fort Wayne, IN","Charleston, SC",1,0.0800873857154442,41.1306,-85.12886
"Fort Worth, TX","Charleston, SC",1,0.0400892138474912,32.72541,-97.32085
"Framingham, MA","Charleston, SC",1,0.068499899140598,42.27926,-71.41617
"Fresno, CA","Charleston, SC",1,0.0554874214809863,36.74773,-119.77237
"Gainesville, FL","Charleston, SC",1,0.0889357087351336,29.65163,-82.32483
"Grand Forks, ND","Charleston, SC",1,0.0604183710362153,47.92526,-97.03285
"Grand Rapids, MI","Charleston, SC",1,0.0779373386080868,42.96336,-85.66809
"Hollywood, CA","Charleston, SC",1,0.334681648210652,34.09834,-118.32674
"Houston, TX","Charleston, SC",1,0.281535455835725,29.76328,-95.36327
"Jacksonville, FL","Charleston, SC",1,0.107292898126246,30.33218,-81.65565
"Lafayette, LA","Charleston, SC",1,0.0564136413366194,30.22409,-92.01984
"Las Cruces, NM","Charleston, SC",1,0.0489649214363718,32.31232,-106.77834
"Las Vegas, NV","Charleston, SC",1,0.0248646567686991,36.17497,-115.13722
"Long Beach, CA","Charleston, SC",1,0.119506914464349,33.76696,-118.18923
"Longview, TX","Charleston, SC",1,0.109331244065183,32.5007,-94.74049
"Los Angeles, CA","Charleston, SC",1,0.288078307545898,34.05223,-118.24368
"Louisville, KY","Charleston, SC",1,0.103693426472895,38.25424,-85.75941
"Lubbock, TX","Charleston, SC",1,0.153063868550416,33.57786,-101.85517
"Manhattan, NY","Charleston, SC",1,0.132629679699982,40.78343,-73.96625
"Memphis, TN","Charleston, SC",1,0.0603584384924529,35.14953,-90.04898
"Miami, FL","Charleston, SC",1,0.622251437144646,25.77427,-80.19366
"Milwaukee, WI","Charleston, SC",1,0.051704488345776,43.0389,-87.90647
"Minneapolis, MN","Charleston, SC",1,0.00702811160758032,44.97997,-93.26384
"Missoula, MT","Charleston, SC",1,0.0721837397773168,46.87215,-113.994
"Modesto, CA","Charleston, SC",1,0.0731459676391033,37.6391,-120.99688
"Muskegon, MI","Charleston, SC",1,0.0324272706312012,43.23418,-86.24839
"Nashville, TN","Charleston, SC",1,0.0471423260906846,36.16589,-86.78444
"New Haven, CT","Charleston, SC",1,0.0275060084285057,41.30815,-72.92816
"New Orleans, LA","Charleston, SC",1,0.0529215779585864,29.95465,-90.07507
"Newark, NJ","Charleston, SC",1,0.0252859031229,40.73566,-74.17237
"Norfolk, VA","Charleston, SC",1,0.0709120488942715,36.84681,-76.28522
"North Charleston, SC","Charleston, SC",1,0.0769195156107602,32.85462,-79.97481
"Oakland, CA","Charleston, SC",1,0.143459338112443,37.80437,-122.2708
"Omaha, NE","Charleston, SC",1,0.111657803470143,41.25861,-95.93779
"Orlando, FL","Charleston, SC",1,0.0363156941972536,28.53834,-81.37924
"Philadelphia, PA","Charleston, SC",1,0.338995763406876,39.95233,-75.16379
"Phoenix, AZ","Charleston, SC",1,0.194492798435845,33.44838,-112.07404
"Raleigh, NC","Charleston, SC",1,0.050245944648319,35.7721,-78.63861
"Rapid City, SD","Charleston, SC",1,0.0717847627010361,44.08054,-103.23101
"Reno, NV","Charleston, SC",1,0.0767701659154304,39.52963,-119.8138
"Richmond, VA","Charleston, SC",1,0.0556556273874375,37.55376,-77.46026
"Rochester, NY","Charleston, SC",1,0.121806262456898,43.15478,-77.61556
"Sacramento, CA","Charleston, SC",1,0.0684921676325551,38.58157,-121.4944
"Salem, OR","Charleston, SC",1,0.0812502022075778,44.9429,-123.0351
"Salt Lake City, UT","Charleston, SC",1,0.06370635802532,40.76078,-111.89105
"San Antonio, TX","Charleston, SC",1,0.111473752578563,29.42412,-98.49363
"San Bernardino, CA","Charleston, SC",1,0.0504756291097066,34.10834,-117.28977
"San Diego, CA","Charleston, SC",1,0.109755850690078,32.71533,-117.15726
"San Francisco, CA","Charleston, SC",1,0.411217159000788,37.77493,-122.41942
"Seattle, WA","Charleston, SC",1,0.0376407154767114,47.60621,-122.33207
"Sioux City, IA","Charleston, SC",1,0.11951800111249,42.49999,-96.40031
"Sioux Falls, SD","Charleston, SC",1,0.102682589848881,43.54997,-96.70033
"Springfield, IL","Charleston, SC",1,0.109735491039493,39.80172,-89.64371
"Springfield, MO","Charleston, SC",1,0.122279169400141,37.21533,-93.29824
"Stockton, CA","Charleston, SC",1,0.0512250832914343,37.9577,-121.29078
"Syracuse, NY","Charleston, SC",1,0.102514938267383,43.04812,-76.14742
"Tampa, FL","Charleston, SC",1,0.0669790147402606,27.94752,-82.45843
"Topeka, KS","Charleston, SC",1,0.134262637764417,39.04833,-95.67804
"Trenton, NJ","Charleston, SC",1,0.0893379191699385,40.21705,-74.74294
"Tucson, AZ","Charleston, SC",1,0.0803067687671964,32.22174,-110.92648
"Tulsa, OK","Charleston, SC",1,0.0621626984347561,36.15398,-95.99277
"Tuscaloosa, AL","Charleston, SC",1,0.0471284190231739,33.20984,-87.56917
"Washington, D.C., DC","Charleston, SC",1,1,38.89511,-77.03637
"Worcester, MA","Charleston, SC",1,0.0679975582453594,42.26259,-71.80229
"Charleston, SC","Charlotte, NC",1,0.897754957123057,32.77657,-79.93092
"Los Angeles, CA","Charlotte, NC",1,0.288078307545898,34.05223,-118.24368
"Miami, FL","Charlotte, NC",1,0.622251437144646,25.77427,-80.19366
"Washington, D.C., DC","Charlotte, NC",1,1,38.89511,-77.03637
"Charleston, SC","Charlottesville, VA",1,0.897754957123057,32.77657,-79.93092
"Chicago, IL","Charlottesville, VA",1,0.451229040418717,41.85003,-87.65005
"Miami, FL","Charlottesville, VA",1,0.622251437144646,25.77427,-80.19366
"San Francisco, CA","Charlottesville, VA",1,0.411217159000788,37.77493,-122.41942
"Washington, D.C., DC","Charlottesville, VA",1,1,38.89511,-77.03637
"Baltimore, MD","Chattanooga, TN",1,0.420820309362623,39.29038,-76.61219
"Boston, MA","Chattanooga, TN",1,0.319045049726675,42.35843,-71.05977
"Charleston, SC","Chattanooga, TN",1,0.897754957123057,32.77657,-79.93092
"Dallas, TX","Chattanooga, TN",1,0.197858011541574,32.78306,-96.80667
"Houston, TX","Chattanooga, TN",1,0.281535455835725,29.76328,-95.36327
"Los Angeles, CA","Chattanooga, TN",1,0.288078307545898,34.05223,-118.24368
"Miami, FL","Chattanooga, TN",1,0.622251437144646,25.77427,-80.19366
"Washington, D.C., DC","Chattanooga, TN",1,1,38.89511,-77.03637
"Baltimore, MD","Cheyenne, WY",1,0.420820309362623,39.29038,-76.61219
"Charleston, SC","Cheyenne, WY",1,0.897754957123057,32.77657,-79.93092
"Chicago, IL","Cheyenne, WY",1,0.451229040418717,41.85003,-87.65005
"Miami, FL","Cheyenne, WY",1,0.622251437144646,25.77427,-80.19366
"San Francisco, CA","Cheyenne, WY",1,0.411217159000788,37.77493,-122.41942
"Washington, D.C., DC","Cheyenne, WY",1,1,38.89511,-77.03637
"Akron, OH","Chicago, IL",1,0.0822403447029508,41.08144,-81.51901
"Arlington, TX","Chicago, IL",1,0.0906066104767831,32.73569,-97.10807
"Asheville, NC","Chicago, IL",1,0.0961714156102361,35.60095,-82.55402
"Baltimore, MD","Chicago, IL",1,0.420820309362623,39.29038,-76.61219
"Berkeley, CA","Chicago, IL",1,0.169136228275831,37.87159,-122.27275
"Boise, ID","Chicago, IL",1,0.130973659665134,43.6135,-116.20345
"Boulder, CO","Chicago, IL",1,0.0922114363460751,40.01499,-105.27055
"Burlington, VT","Chicago, IL",1,0.13432498471558,44.47588,-73.21207
"Charleston, SC","Chicago, IL",1,0.897754957123057,32.77657,-79.93092
"Charlottesville, VA","Chicago, IL",1,0.0514965671788316,38.02931,-78.47668
"Cheyenne, WY","Chicago, IL",1,0.114168438944151,41.13998,-104.82025
"Cincinnati, OH","Chicago, IL",1,0.0761256956583688,39.162,-84.45689
"Dearborn, MI","Chicago, IL",1,0.092080173565032,42.32226,-83.17631
"Denver, CO","Chicago, IL",1,0.119271082975592,39.73915,-104.9847
"El Paso, TX","Chicago, IL",1,0.0558539762561872,31.75872,-106.48693
"Fort Lauderdale, FL","Chicago, IL",1,0.118212436809417,26.12231,-80.14338
"Framingham, MA","Chicago, IL",1,0.068499899140598,42.27926,-71.41617
"Fresno, CA","Chicago, IL",1,0.0554874214809863,36.74773,-119.77237
"Grand Forks, ND","Chicago, IL",1,0.0604183710362153,47.92526,-97.03285
"Grand Rapids, MI","Chicago, IL",1,0.0779373386080868,42.96336,-85.66809
"Hollywood, CA","Chicago, IL",1,0.334681648210652,34.09834,-118.32674
"Houston, TX","Chicago, IL",1,0.281535455835725,29.76328,-95.36327
"Las Cruces, NM","Chicago, IL",1,0.0489649214363718,32.31232,-106.77834
"Long Beach, CA","Chicago, IL",1,0.119506914464349,33.76696,-118.18923
"Lubbock, TX","Chicago, IL",1,0.153063868550416,33.57786,-101.85517
"Memphis, TN","Chicago, IL",1,0.0603584384924529,35.14953,-90.04898
"Miami, FL","Chicago, IL",1,0.622251437144646,25.77427,-80.19366
"Missoula, MT","Chicago, IL",1,0.0721837397773168,46.87215,-113.994
"Norfolk, VA","Chicago, IL",1,0.0709120488942715,36.84681,-76.28522
"Oakland, CA","Chicago, IL",1,0.143459338112443,37.80437,-122.2708
"Orlando, FL","Chicago, IL",1,0.0363156941972536,28.53834,-81.37924
"Philadelphia, PA","Chicago, IL",1,0.338995763406876,39.95233,-75.16379
"Phoenix, AZ","Chicago, IL",1,0.194492798435845,33.44838,-112.07404
"Rapid City, SD","Chicago, IL",1,0.0717847627010361,44.08054,-103.23101
"Reno, NV","Chicago, IL",1,0.0767701659154304,39.52963,-119.8138
"Richmond, VA","Chicago, IL",1,0.0556556273874375,37.55376,-77.46026
"Rochester, NY","Chicago, IL",1,0.121806262456898,43.15478,-77.61556
"Salem, OR","Chicago, IL",1,0.0812502022075778,44.9429,-123.0351
"San Diego, CA","Chicago, IL",1,0.109755850690078,32.71533,-117.15726
"San Francisco, CA","Chicago, IL",1,0.411217159000788,37.77493,-122.41942
"Sioux City, IA","Chicago, IL",1,0.11951800111249,42.49999,-96.40031
"Sioux Falls, SD","Chicago, IL",1,0.102682589848881,43.54997,-96.70033
"Springfield, MO","Chicago, IL",1,0.122279169400141,37.21533,-93.29824
"Tampa, FL","Chicago, IL",1,0.0669790147402606,27.94752,-82.45843
"Tempe, AZ","Chicago, IL",1,0.0923955660093212,33.41477,-111.90931
"Topeka, KS","Chicago, IL",1,0.134262637764417,39.04833,-95.67804
"Trenton, NJ","Chicago, IL",1,0.0893379191699385,40.21705,-74.74294
"Tucson, AZ","Chicago, IL",1,0.0803067687671964,32.22174,-110.92648
"Washington, D.C., DC","Chicago, IL",1,1,38.89511,-77.03637
"West Palm Beach, FL","Chicago, IL",1,0.0599786202555604,26.71534,-80.05337
"Worcester, MA","Chicago, IL",1,0.0679975582453594,42.26259,-71.80229
"Akron, OH","Cincinnati, OH",1,0.0822403447029508,41.08144,-81.51901
"Charleston, SC","Cincinnati, OH",1,0.897754957123057,32.77657,-79.93092
"Chicago, IL","Cincinnati, OH",1,0.451229040418717,41.85003,-87.65005
"Houston, TX","Cincinnati, OH",1,0.281535455835725,29.76328,-95.36327
"Miami, FL","Cincinnati, OH",1,0.622251437144646,25.77427,-80.19366
"Trenton, NJ","Cincinnati, OH",1,0.0893379191699385,40.21705,-74.74294
"Washington, D.C., DC","Cincinnati, OH",1,1,38.89511,-77.03637
"Baltimore, MD","Cleveland, OH",1,0.420820309362623,39.29038,-76.61219
"Boise, ID","Cleveland, OH",1,0.130973659665134,43.6135,-116.20345
"Charleston, SC","Cleveland, OH",1,0.897754957123057,32.77657,-79.93092
"Lafayette, LA","Cleveland, OH",1,0.0564136413366194,30.22409,-92.01984
"Miami, FL","Cleveland, OH",1,0.622251437144646,25.77427,-80.19366
"Oakland, CA","Cleveland, OH",1,0.143459338112443,37.80437,-122.2708
"Topeka, KS","Cleveland, OH",1,0.134262637764417,39.04833,-95.67804
"Washington, D.C., DC","Cleveland, OH",1,1,38.89511,-77.03637
"Boston, MA","Colorado Springs, CO",1,0.319045049726675,42.35843,-71.05977
"Charleston, SC","Colorado Springs, CO",1,0.897754957123057,32.77657,-79.93092
"Houston, TX","Colorado Springs, CO",1,0.281535455835725,29.76328,-95.36327
"Los Angeles, CA","Colorado Springs, CO",1,0.288078307545898,34.05223,-118.24368
"Miami, FL","Colorado Springs, CO",1,0.622251437144646,25.77427,-80.19366
"Philadelphia, PA","Colorado Springs, CO",1,0.338995763406876,39.95233,-75.16379
"Phoenix, AZ","Colorado Springs, CO",1,0.194492798435845,33.44838,-112.07404
"San Francisco, CA","Colorado Springs, CO",1,0.411217159000788,37.77493,-122.41942
"Washington, D.C., DC","Colorado Springs, CO",1,1,38.89511,-77.03637
"Baltimore, MD","Columbus, OH",1,0.420820309362623,39.29038,-76.61219
"Charleston, SC","Columbus, OH",1,0.897754957123057,32.77657,-79.93092
"Dallas, TX","Columbus, OH",1,0.197858011541574,32.78306,-96.80667
"Miami, FL","Columbus, OH",1,0.622251437144646,25.77427,-80.19366
"Phoenix, AZ","Columbus, OH",1,0.194492798435845,33.44838,-112.07404
"San Francisco, CA","Columbus, OH",1,0.411217159000788,37.77493,-122.41942
"Washington, D.C., DC","Columbus, OH",1,1,38.89511,-77.03637
"Baltimore, MD","Corpus Christi, TX",1,0.420820309362623,39.29038,-76.61219
"Charleston, SC","Corpus Christi, TX",1,0.897754957123057,32.77657,-79.93092
"Dallas, TX","Corpus Christi, TX",1,0.197858011541574,32.78306,-96.80667
"Los Angeles, CA","Corpus Christi, TX",1,0.288078307545898,34.05223,-118.24368
"Miami, FL","Corpus Christi, TX",1,0.622251437144646,25.77427,-80.19366
"San Francisco, CA","Corpus Christi, TX",1,0.411217159000788,37.77493,-122.41942
"Washington, D.C., DC","Corpus Christi, TX",1,1,38.89511,-77.03637
"Baltimore, MD","Dallas, TX",1,0.420820309362623,39.29038,-76.61219
"Berkeley, CA","Dallas, TX",1,0.169136228275831,37.87159,-122.27275
"Boise, ID","Dallas, TX",1,0.130973659665134,43.6135,-116.20345
"Boston, MA","Dallas, TX",1,0.319045049726675,42.35843,-71.05977
"Brockton, MA","Dallas, TX",1,0.0739837959663356,42.08343,-71.01838
"Burlington, VT","Dallas, TX",1,0.13432498471558,44.47588,-73.21207
"Charleston, SC","Dallas, TX",1,0.897754957123057,32.77657,-79.93092
"Chattanooga, TN","Dallas, TX",1,0.0232041045801098,35.04563,-85.30968
"Columbus, OH","Dallas, TX",1,0.0487628954344503,39.96118,-82.99879
"Corpus Christi, TX","Dallas, TX",1,0.0845277299397754,27.80058,-97.39638
"Fort Wayne, IN","Dallas, TX",1,0.0800873857154442,41.1306,-85.12886
"Framingham, MA","Dallas, TX",1,0.068499899140598,42.27926,-71.41617
"Grand Rapids, MI","Dallas, TX",1,0.0779373386080868,42.96336,-85.66809
"Indianapolis, IN","Dallas, TX",1,0.0724012299164762,39.76838,-86.15804
"Lafayette, LA","Dallas, TX",1,0.0564136413366194,30.22409,-92.01984
"Las Cruces, NM","Dallas, TX",1,0.0489649214363718,32.31232,-106.77834
"Longview, TX","Dallas, TX",1,0.109331244065183,32.5007,-94.74049
"Lubbock, TX","Dallas, TX",1,0.153063868550416,33.57786,-101.85517
"Miami, FL","Dallas, TX",1,0.622251437144646,25.77427,-80.19366
"Missoula, MT","Dallas, TX",1,0.0721837397773168,46.87215,-113.994
"Oakland, CA","Dallas, TX",1,0.143459338112443,37.80437,-122.2708
"Omaha, NE","Dallas, TX",1,0.111657803470143,41.25861,-95.93779
"Philadelphia, PA","Dallas, TX",1,0.338995763406876,39.95233,-75.16379
"Phoenix, AZ","Dallas, TX",1,0.194492798435845,33.44838,-112.07404
"San Francisco, CA","Dallas, TX",1,0.411217159000788,37.77493,-122.41942
"Tucson, AZ","Dallas, TX",1,0.0803067687671964,32.22174,-110.92648
"Washington, D.C., DC","Dallas, TX",1,1,38.89511,-77.03637
"Baltimore, MD","Dayton, OH",1,0.420820309362623,39.29038,-76.61219
"Boston, MA","Dayton, OH",1,0.319045049726675,42.35843,-71.05977
"Charleston, SC","Dayton, OH",1,0.897754957123057,32.77657,-79.93092
"Miami, FL","Dayton, OH",1,0.622251437144646,25.77427,-80.19366
"Philadelphia, PA","Dayton, OH",1,0.338995763406876,39.95233,-75.16379
"San Francisco, CA","Dayton, OH",1,0.411217159000788,37.77493,-122.41942
"Washington, D.C., DC","Dayton, OH",1,1,38.89511,-77.03637
"Baltimore, MD","Dearborn, MI",1,0.420820309362623,39.29038,-76.61219
"Berkeley, CA","Dearborn, MI",1,0.169136228275831,37.87159,-122.27275
"Boston, MA","Dearborn, MI",1,0.319045049726675,42.35843,-71.05977
"Chicago, IL","Dearborn, MI",1,0.451229040418717,41.85003,-87.65005
"Los Angeles, CA","Dearborn, MI",1,0.288078307545898,34.05223,-118.24368
"Miami, FL","Dearborn, MI",1,0.622251437144646,25.77427,-80.19366
"Phoenix, AZ","Dearborn, MI",1,0.194492798435845,33.44838,-112.07404
"San Francisco, CA","Dearborn, MI",1,0.411217159000788,37.77493,-122.41942
"Washington, D.C., DC","Dearborn, MI",1,1,38.89511,-77.03637
"Baltimore, MD","Denton, TX",1,0.420820309362623,39.29038,-76.61219
"Charleston, SC","Denton, TX",1,0.897754957123057,32.77657,-79.93092
"Hollywood, CA","Denton, TX",1,0.334681648210652,34.09834,-118.32674
"Miami, FL","Denton, TX",1,0.622251437144646,25.77427,-80.19366
"Washington, D.C., DC","Denton, TX",1,1,38.89511,-77.03637
"Akron, OH","Denver, CO",1,0.0822403447029508,41.08144,-81.51901
"Burlington, VT","Denver, CO",1,0.13432498471558,44.47588,-73.21207
"Charleston, SC","Denver, CO",1,0.897754957123057,32.77657,-79.93092
"Chicago, IL","Denver, CO",1,0.451229040418717,41.85003,-87.65005
"Framingham, MA","Denver, CO",1,0.068499899140598,42.27926,-71.41617
"Houston, TX","Denver, CO",1,0.281535455835725,29.76328,-95.36327
"Miami, FL","Denver, CO",1,0.622251437144646,25.77427,-80.19366
"Missoula, MT","Denver, CO",1,0.0721837397773168,46.87215,-113.994
"North Charleston, SC","Denver, CO",1,0.0769195156107602,32.85462,-79.97481
"Rapid City, SD","Denver, CO",1,0.0717847627010361,44.08054,-103.23101
"San Diego, CA","Denver, CO",1,0.109755850690078,32.71533,-117.15726
"Washington, D.C., DC","Denver, CO",1,1,38.89511,-77.03637
"Worcester, MA","Denver, CO",1,0.0679975582453594,42.26259,-71.80229
"Baltimore, MD","Des Moines, IA",1,0.420820309362623,39.29038,-76.61219
"Boston, MA","Des Moines, IA",1,0.319045049726675,42.35843,-71.05977
"Charleston, SC","Des Moines, IA",1,0.897754957123057,32.77657,-79.93092
"Los Angeles, CA","Des Moines, IA",1,0.288078307545898,34.05223,-118.24368
"San Francisco, CA","Des Moines, IA",1,0.411217159000788,37.77493,-122.41942
"Washington, D.C., DC","Des Moines, IA",1,1,38.89511,-77.03637
"Charleston, SC","Detroit, MI",1,0.897754957123057,32.77657,-79.93092
"Hollywood, CA","Detroit, MI",1,0.334681648210652,34.09834,-118.32674
"Miami, FL","Detroit, MI",1,0.622251437144646,25.77427,-80.19366
"Washington, D.C., DC","Detroit, MI",1,1,38.89511,-77.03637
"Berkeley, CA","Dover, DE",1,0.169136228275831,37.87159,-122.27275
"Boston, MA","Dover, DE",1,0.319045049726675,42.35843,-71.05977
"Charleston, SC","Dover, DE",1,0.897754957123057,32.77657,-79.93092
"Houston, TX","Dover, DE",1,0.281535455835725,29.76328,-95.36327
"Miami, FL","Dover, DE",1,0.622251437144646,25.77427,-80.19366
"San Francisco, CA","Dover, DE",1,0.411217159000788,37.77493,-122.41942
"Washington, D.C., DC","Dover, DE",1,1,38.89511,-77.03637
"Berkeley, CA","El Paso, TX",1,0.169136228275831,37.87159,-122.27275
"Boston, MA","El Paso, TX",1,0.319045049726675,42.35843,-71.05977
"Charleston, SC","El Paso, TX",1,0.897754957123057,32.77657,-79.93092
"Chicago, IL","El Paso, TX",1,0.451229040418717,41.85003,-87.65005
"Houston, TX","El Paso, TX",1,0.281535455835725,29.76328,-95.36327
"Washington, D.C., DC","El Paso, TX",1,1,38.89511,-77.03637
"Boston, MA","Fort Lauderdale, FL",1,0.319045049726675,42.35843,-71.05977
"Charleston, SC","Fort Lauderdale, FL",1,0.897754957123057,32.77657,-79.93092
"Chicago, IL","Fort Lauderdale, FL",1,0.451229040418717,41.85003,-87.65005
"Los Angeles, CA","Fort Lauderdale, FL",1,0.288078307545898,34.05223,-118.24368
"Miami, FL","Fort Lauderdale, FL",1,0.622251437144646,25.77427,-80.19366
"San Francisco, CA","Fort Lauderdale, FL",1,0.411217159000788,37.77493,-122.41942
"Washington, D.C., DC","Fort Lauderdale, FL",1,1,38.89511,-77.03637
"Baltimore, MD","Fort Wayne, IN",1,0.420820309362623,39.29038,-76.61219
"Boston, MA","Fort Wayne, IN",1,0.319045049726675,42.35843,-71.05977
"Charleston, SC","Fort Wayne, IN",1,0.897754957123057,32.77657,-79.93092
"Dallas, TX","Fort Wayne, IN",1,0.197858011541574,32.78306,-96.80667
"Washington, D.C., DC","Fort Wayne, IN",1,1,38.89511,-77.03637
"Baltimore, MD","Fort Worth, TX",1,0.420820309362623,39.29038,-76.61219
"Charleston, SC","Fort Worth, TX",1,0.897754957123057,32.77657,-79.93092
"Miami, FL","Fort Worth, TX",1,0.622251437144646,25.77427,-80.19366
"San Francisco, CA","Fort Worth, TX",1,0.411217159000788,37.77493,-122.41942
"Washington, D.C., DC","Fort Worth, TX",1,1,38.89511,-77.03637
"Baltimore, MD","Framingham, MA",1,0.420820309362623,39.29038,-76.61219
"Boston, MA","Framingham, MA",1,0.319045049726675,42.35843,-71.05977
"Charleston, SC","Framingham, MA",1,0.897754957123057,32.77657,-79.93092
"Chicago, IL","Framingham, MA",1,0.451229040418717,41.85003,-87.65005
"Dallas, TX","Framingham, MA",1,0.197858011541574,32.78306,-96.80667
"Denver, CO","Framingham, MA",1,0.119271082975592,39.73915,-104.9847
"Houston, TX","Framingham, MA",1,0.281535455835725,29.76328,-95.36327
"Miami, FL","Framingham, MA",1,0.622251437144646,25.77427,-80.19366
"Washington, D.C., DC","Framingham, MA",1,1,38.89511,-77.03637
"Baltimore, MD","Fresno, CA",1,0.420820309362623,39.29038,-76.61219
"Berkeley, CA","Fresno, CA",1,0.169136228275831,37.87159,-122.27275
"Charleston, SC","Fresno, CA",1,0.897754957123057,32.77657,-79.93092
"Chicago, IL","Fresno, CA",1,0.451229040418717,41.85003,-87.65005
"Miami, FL","Fresno, CA",1,0.622251437144646,25.77427,-80.19366
"Philadelphia, PA","Fresno, CA",1,0.338995763406876,39.95233,-75.16379
"Washington, D.C., DC","Fresno, CA",1,1,38.89511,-77.03637
"Charleston, SC","Gainesville, FL",1,0.897754957123057,32.77657,-79.93092
"Los Angeles, CA","Gainesville, FL",1,0.288078307545898,34.05223,-118.24368
"Philadelphia, PA","Gainesville, FL",1,0.338995763406876,39.95233,-75.16379
"Washington, D.C., DC","Gainesville, FL",1,1,38.89511,-77.03637
"Baltimore, MD","Grand Forks, ND",1,0.420820309362623,39.29038,-76.61219
"Boston, MA","Grand Forks, ND",1,0.319045049726675,42.35843,-71.05977
"Charleston, SC","Grand Forks, ND",1,0.897754957123057,32.77657,-79.93092
"Chicago, IL","Grand Forks, ND",1,0.451229040418717,41.85003,-87.65005
"Los Angeles, CA","Grand Forks, ND",1,0.288078307545898,34.05223,-118.24368
"Miami, FL","Grand Forks, ND",1,0.622251437144646,25.77427,-80.19366
"San Diego, CA","Grand Forks, ND",1,0.109755850690078,32.71533,-117.15726
"Washington, D.C., DC","Grand Forks, ND",1,1,38.89511,-77.03637
"Baltimore, MD","Grand Rapids, MI",1,0.420820309362623,39.29038,-76.61219
"Boston, MA","Grand Rapids, MI",1,0.319045049726675,42.35843,-71.05977
"Charleston, SC","Grand Rapids, MI",1,0.897754957123057,32.77657,-79.93092
"Chicago, IL","Grand Rapids, MI",1,0.451229040418717,41.85003,-87.65005
"Dallas, TX","Grand Rapids, MI",1,0.197858011541574,32.78306,-96.80667
"Los Angeles, CA","Grand Rapids, MI",1,0.288078307545898,34.05223,-118.24368
"Philadelphia, PA","Grand Rapids, MI",1,0.338995763406876,39.95233,-75.16379
"Phoenix, AZ","Grand Rapids, MI",1,0.194492798435845,33.44838,-112.07404
"Washington, D.C., DC","Grand Rapids, MI",1,1,38.89511,-77.03637
"Baltimore, MD","Hollywood, CA",1,0.420820309362623,39.29038,-76.61219
"Berkeley, CA","Hollywood, CA",1,0.169136228275831,37.87159,-122.27275
"Charleston, SC","Hollywood, CA",1,0.897754957123057,32.77657,-79.93092
"Chicago, IL","Hollywood, CA",1,0.451229040418717,41.85003,-87.65005
"Denton, TX","Hollywood, CA",1,0.0850693446341524,33.21484,-97.13307
"Detroit, MI","Hollywood, CA",1,0.141250137361405,42.33143,-83.04575
"Houston, TX","Hollywood, CA",1,0.281535455835725,29.76328,-95.36327
"Lubbock, TX","Hollywood, CA",1,0.153063868550416,33.57786,-101.85517
"Manhattan, NY","Hollywood, CA",1,0.132629679699982,40.78343,-73.96625
"Miami, FL","Hollywood, CA",1,0.622251437144646,25.77427,-80.19366
"Philadelphia, PA","Hollywood, CA",1,0.338995763406876,39.95233,-75.16379
"Phoenix, AZ","Hollywood, CA",1,0.194492798435845,33.44838,-112.07404
"San Antonio, TX","Hollywood, CA",1,0.111473752578563,29.42412,-98.49363
"San Francisco, CA","Hollywood, CA",1,0.411217159000788,37.77493,-122.41942
"Sioux City, IA","Hollywood, CA",1,0.11951800111249,42.49999,-96.40031
"Sioux Falls, SD","Hollywood, CA",1,0.102682589848881,43.54997,-96.70033
"Springfield, IL","Hollywood, CA",1,0.109735491039493,39.80172,-89.64371
"Topeka, KS","Hollywood, CA",1,0.134262637764417,39.04833,-95.67804
"Washington, D.C., DC","Hollywood, CA",1,1,38.89511,-77.03637
"Baltimore, MD","Houston, TX",1,0.420820309362623,39.29038,-76.61219
"Berkeley, CA","Houston, TX",1,0.169136228275831,37.87159,-122.27275
"Boulder, CO","Houston, TX",1,0.0922114363460751,40.01499,-105.27055
"Brockton, MA","Houston, TX",1,0.0739837959663356,42.08343,-71.01838
"Burlington, VT","Houston, TX",1,0.13432498471558,44.47588,-73.21207
"Charleston, SC","Houston, TX",1,0.897754957123057,32.77657,-79.93092
"Chattanooga, TN","Houston, TX",1,0.0232041045801098,35.04563,-85.30968
"Chicago, IL","Houston, TX",1,0.451229040418717,41.85003,-87.65005
"Cincinnati, OH","Houston, TX",1,0.0761256956583688,39.162,-84.45689
"Colorado Springs, CO","Houston, TX",1,0.0815830768289133,38.83388,-104.82136
"Denver, CO","Houston, TX",1,0.119271082975592,39.73915,-104.9847
"Dover, DE","Houston, TX",1,0.120826211782038,39.15817,-75.52437
"El Paso, TX","Houston, TX",1,0.0558539762561872,31.75872,-106.48693
"Framingham, MA","Houston, TX",1,0.068499899140598,42.27926,-71.41617
"Hollywood, CA","Houston, TX",1,0.334681648210652,34.09834,-118.32674
"Indianapolis, IN","Houston, TX",1,0.0724012299164762,39.76838,-86.15804
"Jacksonville, FL","Houston, TX",1,0.107292898126246,30.33218,-81.65565
"Lafayette, LA","Houston, TX",1,0.0564136413366194,30.22409,-92.01984
"Longview, TX","Houston, TX",1,0.109331244065183,32.5007,-94.74049
"Lubbock, TX","Houston, TX",1,0.153063868550416,33.57786,-101.85517
"Miami, FL","Houston, TX",1,0.622251437144646,25.77427,-80.19366
"New Orleans, LA","Houston, TX",1,0.0529215779585864,29.95465,-90.07507
"North Charleston, SC","Houston, TX",1,0.0769195156107602,32.85462,-79.97481
"Raleigh, NC","Houston, TX",1,0.050245944648319,35.7721,-78.63861
"Reno, NV","Houston, TX",1,0.0767701659154304,39.52963,-119.8138
"Rochester, NY","Houston, TX",1,0.121806262456898,43.15478,-77.61556
"Salem, OR","Houston, TX",1,0.0812502022075778,44.9429,-123.0351
"Sioux City, IA","Houston, TX",1,0.11951800111249,42.49999,-96.40031
"Springfield, IL","Houston, TX",1,0.109735491039493,39.80172,-89.64371
"Springfield, MO","Houston, TX",1,0.122279169400141,37.21533,-93.29824
"Topeka, KS","Houston, TX",1,0.134262637764417,39.04833,-95.67804
"Trenton, NJ","Houston, TX",1,0.0893379191699385,40.21705,-74.74294
"Tulsa, OK","Houston, TX",1,0.0621626984347561,36.15398,-95.99277
"Washington, D.C., DC","Houston, TX",1,1,38.89511,-77.03637
"West Palm Beach, FL","Houston, TX",1,0.0599786202555604,26.71534,-80.05337
"Baltimore, MD","Indianapolis, IN",1,0.420820309362623,39.29038,-76.61219
"Dallas, TX","Indianapolis, IN",1,0.197858011541574,32.78306,-96.80667
"Houston, TX","Indianapolis, IN",1,0.281535455835725,29.76328,-95.36327
"Los Angeles, CA","Indianapolis, IN",1,0.288078307545898,34.05223,-118.24368
"San Francisco, CA","Indianapolis, IN",1,0.411217159000788,37.77493,-122.41942
"Washington, D.C., DC","Indianapolis, IN",1,1,38.89511,-77.03637
"Baltimore, MD","Jacksonville, FL",1,0.420820309362623,39.29038,-76.61219
"Boston, MA","Jacksonville, FL",1,0.319045049726675,42.35843,-71.05977
"Charleston, SC","Jacksonville, FL",1,0.897754957123057,32.77657,-79.93092
"Houston, TX","Jacksonville, FL",1,0.281535455835725,29.76328,-95.36327
"Los Angeles, CA","Jacksonville, FL",1,0.288078307545898,34.05223,-118.24368
"San Francisco, CA","Jacksonville, FL",1,0.411217159000788,37.77493,-122.41942
"Washington, D.C., DC","Jacksonville, FL",1,1,38.89511,-77.03637
"Baltimore, MD","Lafayette, LA",1,0.420820309362623,39.29038,-76.61219
"Boston, MA","Lafayette, LA",1,0.319045049726675,42.35843,-71.05977
"Charleston, SC","Lafayette, LA",1,0.897754957123057,32.77657,-79.93092
"Cleveland, OH","Lafayette, LA",1,0.0775692579828383,41.4995,-81.69541
"Dallas, TX","Lafayette, LA",1,0.197858011541574,32.78306,-96.80667
"Houston, TX","Lafayette, LA",1,0.281535455835725,29.76328,-95.36327
"Miami, FL","Lafayette, LA",1,0.622251437144646,25.77427,-80.19366
"Philadelphia, PA","Lafayette, LA",1,0.338995763406876,39.95233,-75.16379
"Washington, D.C., DC","Lafayette, LA",1,1,38.89511,-77.03637
"Charleston, SC","Las Cruces, NM",1,0.897754957123057,32.77657,-79.93092
"Chicago, IL","Las Cruces, NM",1,0.451229040418717,41.85003,-87.65005
"Dallas, TX","Las Cruces, NM",1,0.197858011541574,32.78306,-96.80667
"Los Angeles, CA","Las Cruces, NM",1,0.288078307545898,34.05223,-118.24368
"Miami, FL","Las Cruces, NM",1,0.622251437144646,25.77427,-80.19366
"Washington, D.C., DC","Las Cruces, NM",1,1,38.89511,-77.03637
"Baltimore, MD","Las Vegas, NV",1,0.420820309362623,39.29038,-76.61219
"Charleston, SC","Las Vegas, NV",1,0.897754957123057,32.77657,-79.93092
"Miami, FL","Las Vegas, NV",1,0.622251437144646,25.77427,-80.19366
"San Francisco, CA","Las Vegas, NV",1,0.411217159000788,37.77493,-122.41942
"Washington, D.C., DC","Las Vegas, NV",1,1,38.89511,-77.03637
"Baltimore, MD","Long Beach, CA",1,0.420820309362623,39.29038,-76.61219
"Charleston, SC","Long Beach, CA",1,0.897754957123057,32.77657,-79.93092
"Chicago, IL","Long Beach, CA",1,0.451229040418717,41.85003,-87.65005
"Los Angeles, CA","Long Beach, CA",1,0.288078307545898,34.05223,-118.24368
"Philadelphia, PA","Long Beach, CA",1,0.338995763406876,39.95233,-75.16379
"Washington, D.C., DC","Long Beach, CA",1,1,38.89511,-77.03637
"Baltimore, MD","Longview, TX",1,0.420820309362623,39.29038,-76.61219
"Boston, MA","Longview, TX",1,0.319045049726675,42.35843,-71.05977
"Charleston, SC","Longview, TX",1,0.897754957123057,32.77657,-79.93092
"Dallas, TX","Longview, TX",1,0.197858011541574,32.78306,-96.80667
"Houston, TX","Longview, TX",1,0.281535455835725,29.76328,-95.36327
"Los Angeles, CA","Longview, TX",1,0.288078307545898,34.05223,-118.24368
"Philadelphia, PA","Longview, TX",1,0.338995763406876,39.95233,-75.16379
"Phoenix, AZ","Longview, TX",1,0.194492798435845,33.44838,-112.07404
"San Francisco, CA","Longview, TX",1,0.411217159000788,37.77493,-122.41942
"Washington, D.C., DC","Longview, TX",1,1,38.89511,-77.03637
"Akron, OH","Los Angeles, CA",1,0.0822403447029508,41.08144,-81.51901
"Asheville, NC","Los Angeles, CA",1,0.0961714156102361,35.60095,-82.55402
"Baltimore, MD","Los Angeles, CA",1,0.420820309362623,39.29038,-76.61219
"Berkeley, CA","Los Angeles, CA",1,0.169136228275831,37.87159,-122.27275
"Boston, MA","Los Angeles, CA",1,0.319045049726675,42.35843,-71.05977
"Boulder, CO","Los Angeles, CA",1,0.0922114363460751,40.01499,-105.27055
"Burlington, VT","Los Angeles, CA",1,0.13432498471558,44.47588,-73.21207
"Charleston, SC","Los Angeles, CA",1,0.897754957123057,32.77657,-79.93092
"Charlotte, NC","Los Angeles, CA",1,0.0179964157087313,35.22709,-80.84313
"Chattanooga, TN","Los Angeles, CA",1,0.0232041045801098,35.04563,-85.30968
"Colorado Springs, CO","Los Angeles, CA",1,0.0815830768289133,38.83388,-104.82136
"Corpus Christi, TX","Los Angeles, CA",1,0.0845277299397754,27.80058,-97.39638
"Dearborn, MI","Los Angeles, CA",1,0.092080173565032,42.32226,-83.17631
"Des Moines, IA","Los Angeles, CA",1,0.073562530290963,41.60054,-93.60911
"Fort Lauderdale, FL","Los Angeles, CA",1,0.118212436809417,26.12231,-80.14338
"Gainesville, FL","Los Angeles, CA",1,0.0889357087351336,29.65163,-82.32483
"Grand Forks, ND","Los Angeles, CA",1,0.0604183710362153,47.92526,-97.03285
"Grand Rapids, MI","Los Angeles, CA",1,0.0779373386080868,42.96336,-85.66809
"Indianapolis, IN","Los Angeles, CA",1,0.0724012299164762,39.76838,-86.15804
"Jacksonville, FL","Los Angeles, CA",1,0.107292898126246,30.33218,-81.65565
"Las Cruces, NM","Los Angeles, CA",1,0.0489649214363718,32.31232,-106.77834
"Long Beach, CA","Los Angeles, CA",1,0.119506914464349,33.76696,-118.18923
"Longview, TX","Los Angeles, CA",1,0.109331244065183,32.5007,-94.74049
"Manhattan, NY","Los Angeles, CA",1,0.132629679699982,40.78343,-73.96625
"Memphis, TN","Los Angeles, CA",1,0.0603584384924529,35.14953,-90.04898
"Miami, FL","Los Angeles, CA",1,0.622251437144646,25.77427,-80.19366
"Missoula, MT","Los Angeles, CA",1,0.0721837397773168,46.87215,-113.994
"Modesto, CA","Los Angeles, CA",1,0.0731459676391033,37.6391,-120.99688
"Nashville, TN","Los Angeles, CA",1,0.0471423260906846,36.16589,-86.78444
"New Orleans, LA","Los Angeles, CA",1,0.0529215779585864,29.95465,-90.07507
"Oakland, CA","Los Angeles, CA",1,0.143459338112443,37.80437,-122.2708
"Omaha, NE","Los Angeles, CA",1,0.111657803470143,41.25861,-95.93779
"Orlando, FL","Los Angeles, CA",1,0.0363156941972536,28.53834,-81.37924
"Philadelphia, PA","Los Angeles, CA",1,0.338995763406876,39.95233,-75.16379
"Phoenix, AZ","Los Angeles, CA",1,0.194492798435845,33.44838,-112.07404
"Rapid City, SD","Los Angeles, CA",1,0.0717847627010361,44.08054,-103.23101
"Reno, NV","Los Angeles, CA",1,0.0767701659154304,39.52963,-119.8138
"Salt Lake City, UT","Los Angeles, CA",1,0.06370635802532,40.76078,-111.89105
"San Antonio, TX","Los Angeles, CA",1,0.111473752578563,29.42412,-98.49363
"San Diego, CA","Los Angeles, CA",1,0.109755850690078,32.71533,-117.15726
"Sioux City, IA","Los Angeles, CA",1,0.11951800111249,42.49999,-96.40031
"Sioux Falls, SD","Los Angeles, CA",1,0.102682589848881,43.54997,-96.70033
"Springfield, IL","Los Angeles, CA",1,0.109735491039493,39.80172,-89.64371
"Tampa, FL","Los Angeles, CA",1,0.0669790147402606,27.94752,-82.45843
"Trenton, NJ","Los Angeles, CA",1,0.0893379191699385,40.21705,-74.74294
"Washington, D.C., DC","Los Angeles, CA",1,1,38.89511,-77.03637
"Charleston, SC","Louisville, KY",1,0.897754957123057,32.77657,-79.93092
"Miami, FL","Louisville, KY",1,0.622251437144646,25.77427,-80.19366
"Philadelphia, PA","Louisville, KY",1,0.338995763406876,39.95233,-75.16379
"San Francisco, CA","Louisville, KY",1,0.411217159000788,37.77493,-122.41942
"Washington, D.C., DC","Louisville, KY",1,1,38.89511,-77.03637
"Baltimore, MD","Lubbock, TX",1,0.420820309362623,39.29038,-76.61219
"Charleston, SC","Lubbock, TX",1,0.897754957123057,32.77657,-79.93092
"Chicago, IL","Lubbock, TX",1,0.451229040418717,41.85003,-87.65005
"Dallas, TX","Lubbock, TX",1,0.197858011541574,32.78306,-96.80667
"Hollywood, CA","Lubbock, TX",1,0.334681648210652,34.09834,-118.32674
"Houston, TX","Lubbock, TX",1,0.281535455835725,29.76328,-95.36327
"Miami, FL","Lubbock, TX",1,0.622251437144646,25.77427,-80.19366
"North Charleston, SC","Lubbock, TX",1,0.0769195156107602,32.85462,-79.97481
"Philadelphia, PA","Lubbock, TX",1,0.338995763406876,39.95233,-75.16379
"Sacramento, CA","Lubbock, TX",1,0.0684921676325551,38.58157,-121.4944
"San Francisco, CA","Lubbock, TX",1,0.411217159000788,37.77493,-122.41942
"Washington, D.C., DC","Lubbock, TX",1,1,38.89511,-77.03637
"Baltimore, MD","Manhattan, NY",1,0.420820309362623,39.29038,-76.61219
"Charleston, SC","Manhattan, NY",1,0.897754957123057,32.77657,-79.93092
"Hollywood, CA","Manhattan, NY",1,0.334681648210652,34.09834,-118.32674
"Los Angeles, CA","Manhattan, NY",1,0.288078307545898,34.05223,-118.24368
"San Francisco, CA","Manhattan, NY",1,0.411217159000788,37.77493,-122.41942
"Washington, D.C., DC","Manhattan, NY",1,1,38.89511,-77.03637
"Baltimore, MD","Memphis, TN",1,0.420820309362623,39.29038,-76.61219
"Boston, MA","Memphis, TN",1,0.319045049726675,42.35843,-71.05977
"Charleston, SC","Memphis, TN",1,0.897754957123057,32.77657,-79.93092
"Chicago, IL","Memphis, TN",1,0.451229040418717,41.85003,-87.65005
"Los Angeles, CA","Memphis, TN",1,0.288078307545898,34.05223,-118.24368
"Miami, FL","Memphis, TN",1,0.622251437144646,25.77427,-80.19366
"Phoenix, AZ","Memphis, TN",1,0.194492798435845,33.44838,-112.07404
"Washington, D.C., DC","Memphis, TN",1,1,38.89511,-77.03637
"Akron, OH","Miami, FL",1,0.0822403447029508,41.08144,-81.51901
"Baltimore, MD","Miami, FL",1,0.420820309362623,39.29038,-76.61219
"Berkeley, CA","Miami, FL",1,0.169136228275831,37.87159,-122.27275
"Boise, ID","Miami, FL",1,0.130973659665134,43.6135,-116.20345
"Boston, MA","Miami, FL",1,0.319045049726675,42.35843,-71.05977
"Boulder, CO","Miami, FL",1,0.0922114363460751,40.01499,-105.27055
"Brockton, MA","Miami, FL",1,0.0739837959663356,42.08343,-71.01838
"Burlington, VT","Miami, FL",1,0.13432498471558,44.47588,-73.21207
"Charleston, SC","Miami, FL",1,0.897754957123057,32.77657,-79.93092
"Charlotte, NC","Miami, FL",1,0.0179964157087313,35.22709,-80.84313
"Charlottesville, VA","Miami, FL",1,0.0514965671788316,38.02931,-78.47668
"Chattanooga, TN","Miami, FL",1,0.0232041045801098,35.04563,-85.30968
"Cheyenne, WY","Miami, FL",1,0.114168438944151,41.13998,-104.82025
"Chicago, IL","Miami, FL",1,0.451229040418717,41.85003,-87.65005
"Cincinnati, OH","Miami, FL",1,0.0761256956583688,39.162,-84.45689
"Cleveland, OH","Miami, FL",1,0.0775692579828383,41.4995,-81.69541
"Colorado Springs, CO","Miami, FL",1,0.0815830768289133,38.83388,-104.82136
"Columbus, OH","Miami, FL",1,0.0487628954344503,39.96118,-82.99879
"Corpus Christi, TX","Miami, FL",1,0.0845277299397754,27.80058,-97.39638
"Dallas, TX","Miami, FL",1,0.197858011541574,32.78306,-96.80667
"Dayton, OH","Miami, FL",1,0.0896510943649442,39.75895,-84.19161
"Dearborn, MI","Miami, FL",1,0.092080173565032,42.32226,-83.17631
"Denton, TX","Miami, FL",1,0.0850693446341524,33.21484,-97.13307
"Denver, CO","Miami, FL",1,0.119271082975592,39.73915,-104.9847
"Detroit, MI","Miami, FL",1,0.141250137361405,42.33143,-83.04575
"Dover, DE","Miami, FL",1,0.120826211782038,39.15817,-75.52437
"Fort Lauderdale, FL","Miami, FL",1,0.118212436809417,26.12231,-80.14338
"Fort Worth, TX","Miami, FL",1,0.0400892138474912,32.72541,-97.32085
"Framingham, MA","Miami, FL",1,0.068499899140598,42.27926,-71.41617
"Fresno, CA","Miami, FL",1,0.0554874214809863,36.74773,-119.77237
"Grand Forks, ND","Miami, FL",1,0.0604183710362153,47.92526,-97.03285
"Hollywood, CA","Miami, FL",1,0.334681648210652,34.09834,-118.32674
"Houston, TX","Miami, FL",1,0.281535455835725,29.76328,-95.36327
"Lafayette, LA","Miami, FL",1,0.0564136413366194,30.22409,-92.01984
"Las Cruces, NM","Miami, FL",1,0.0489649214363718,32.31232,-106.77834
"Las Vegas, NV","Miami, FL",1,0.0248646567686991,36.17497,-115.13722
"Los Angeles, CA","Miami, FL",1,0.288078307545898,34.05223,-118.24368
"Louisville, KY","Miami, FL",1,0.103693426472895,38.25424,-85.75941
"Lubbock, TX","Miami, FL",1,0.153063868550416,33.57786,-101.85517
"Memphis, TN","Miami, FL",1,0.0603584384924529,35.14953,-90.04898
"Missoula, MT","Miami, FL",1,0.0721837397773168,46.87215,-113.994
"Modesto, CA","Miami, FL",1,0.0731459676391033,37.6391,-120.99688
"Muskegon, MI","Miami, FL",1,0.0324272706312012,43.23418,-86.24839
"Nashville, TN","Miami, FL",1,0.0471423260906846,36.16589,-86.78444
"New Haven, CT","Miami, FL",1,0.0275060084285057,41.30815,-72.92816
"New Orleans, LA","Miami, FL",1,0.0529215779585864,29.95465,-90.07507
"Newark, NJ","Miami, FL",1,0.0252859031229,40.73566,-74.17237
"Norfolk, VA","Miami, FL",1,0.0709120488942715,36.84681,-76.28522
"North Charleston, SC","Miami, FL",1,0.0769195156107602,32.85462,-79.97481
"Oakland, CA","Miami, FL",1,0.143459338112443,37.80437,-122.2708
"Omaha, NE","Miami, FL",1,0.111657803470143,41.25861,-95.93779
"Orlando, FL","Miami, FL",1,0.0363156941972536,28.53834,-81.37924
"Philadelphia, PA","Miami, FL",1,0.338995763406876,39.95233,-75.16379
"Phoenix, AZ","Miami, FL",1,0.194492798435845,33.44838,-112.07404
"Raleigh, NC","Miami, FL",1,0.050245944648319,35.7721,-78.63861
"Rapid City, SD","Miami, FL",1,0.0717847627010361,44.08054,-103.23101
"Reno, NV","Miami, FL",1,0.0767701659154304,39.52963,-119.8138
"Richmond, VA","Miami, FL",1,0.0556556273874375,37.55376,-77.46026
"Sacramento, CA","Miami, FL",1,0.0684921676325551,38.58157,-121.4944
"Salem, OR","Miami, FL",1,0.0812502022075778,44.9429,-123.0351
"Salt Lake City, UT","Miami, FL",1,0.06370635802532,40.76078,-111.89105
"San Antonio, TX","Miami, FL",1,0.111473752578563,29.42412,-98.49363
"San Diego, CA","Miami, FL",1,0.109755850690078,32.71533,-117.15726
"San Francisco, CA","Miami, FL",1,0.411217159000788,37.77493,-122.41942
"Seattle, WA","Miami, FL",1,0.0376407154767114,47.60621,-122.33207
"Sioux City, IA","Miami, FL",1,0.11951800111249,42.49999,-96.40031
"Sioux Falls, SD","Miami, FL",1,0.102682589848881,43.54997,-96.70033
"Springfield, IL","Miami, FL",1,0.109735491039493,39.80172,-89.64371
"Stockton, CA","Miami, FL",1,0.0512250832914343,37.9577,-121.29078
"Topeka, KS","Miami, FL",1,0.134262637764417,39.04833,-95.67804
"Trenton, NJ","Miami, FL",1,0.0893379191699385,40.21705,-74.74294
"Tulsa, OK","Miami, FL",1,0.0621626984347561,36.15398,-95.99277
"Tuscaloosa, AL","Miami, FL",1,0.0471284190231739,33.20984,-87.56917
"Washington, D.C., DC","Miami, FL",1,1,38.89511,-77.03637
"West Palm Beach, FL","Miami, FL",1,0.0599786202555604,26.71534,-80.05337
"Worcester, MA","Miami, FL",1,0.0679975582453594,42.26259,-71.80229
"Baltimore, MD","Milwaukee, WI",1,0.420820309362623,39.29038,-76.61219
"Charleston, SC","Milwaukee, WI",1,0.897754957123057,32.77657,-79.93092
"San Francisco, CA","Milwaukee, WI",1,0.411217159000788,37.77493,-122.41942
"Washington, D.C., DC","Milwaukee, WI",1,1,38.89511,-77.03637
"Charleston, SC","Minneapolis, MN",1,0.897754957123057,32.77657,-79.93092
"Washington, D.C., DC","Minneapolis, MN",1,1,38.89511,-77.03637
"Baltimore, MD","Missoula, MT",1,0.420820309362623,39.29038,-76.61219
"Berkeley, CA","Missoula, MT",1,0.169136228275831,37.87159,-122.27275
"Charleston, SC","Missoula, MT",1,0.897754957123057,32.77657,-79.93092
"Chicago, IL","Missoula, MT",1,0.451229040418717,41.85003,-87.65005
"Dallas, TX","Missoula, MT",1,0.197858011541574,32.78306,-96.80667
"Denver, CO","Missoula, MT",1,0.119271082975592,39.73915,-104.9847
"Los Angeles, CA","Missoula, MT",1,0.288078307545898,34.05223,-118.24368
"Miami, FL","Missoula, MT",1,0.622251437144646,25.77427,-80.19366
"San Francisco, CA","Missoula, MT",1,0.411217159000788,37.77493,-122.41942
"Washington, D.C., DC","Missoula, MT",1,1,38.89511,-77.03637
"Charleston, SC","Modesto, CA",1,0.897754957123057,32.77657,-79.93092
"Los Angeles, CA","Modesto, CA",1,0.288078307545898,34.05223,-118.24368
"Miami, FL","Modesto, CA",1,0.622251437144646,25.77427,-80.19366
"Washington, D.C., DC","Modesto, CA",1,1,38.89511,-77.03637
"Baltimore, MD","Muskegon, MI",1,0.420820309362623,39.29038,-76.61219
"Charleston, SC","Muskegon, MI",1,0.897754957123057,32.77657,-79.93092
"Miami, FL","Muskegon, MI",1,0.622251437144646,25.77427,-80.19366
"San Francisco, CA","Muskegon, MI",1,0.411217159000788,37.77493,-122.41942
"Washington, D.C., DC","Muskegon, MI",1,1,38.89511,-77.03637
"Boston, MA","Nashville, TN",1,0.319045049726675,42.35843,-71.05977
"Charleston, SC","Nashville, TN",1,0.897754957123057,32.77657,-79.93092
"Los Angeles, CA","Nashville, TN",1,0.288078307545898,34.05223,-118.24368
"Miami, FL","Nashville, TN",1,0.622251437144646,25.77427,-80.19366
"Washington, D.C., DC","Nashville, TN",1,1,38.89511,-77.03637
"Baltimore, MD","New Haven, CT",1,0.420820309362623,39.29038,-76.61219
"Charleston, SC","New Haven, CT",1,0.897754957123057,32.77657,-79.93092
"Miami, FL","New Haven, CT",1,0.622251437144646,25.77427,-80.19366
"San Francisco, CA","New Haven, CT",1,0.411217159000788,37.77493,-122.41942
"Washington, D.C., DC","New Haven, CT",1,1,38.89511,-77.03637
"Baltimore, MD","New Orleans, LA",1,0.420820309362623,39.29038,-76.61219
"Boston, MA","New Orleans, LA",1,0.319045049726675,42.35843,-71.05977
"Charleston, SC","New Orleans, LA",1,0.897754957123057,32.77657,-79.93092
"Houston, TX","New Orleans, LA",1,0.281535455835725,29.76328,-95.36327
"Los Angeles, CA","New Orleans, LA",1,0.288078307545898,34.05223,-118.24368
"Miami, FL","New Orleans, LA",1,0.622251437144646,25.77427,-80.19366
"Washington, D.C., DC","New Orleans, LA",1,1,38.89511,-77.03637
"Baltimore, MD","Newark, NJ",1,0.420820309362623,39.29038,-76.61219
"Charleston, SC","Newark, NJ",1,0.897754957123057,32.77657,-79.93092
"Miami, FL","Newark, NJ",1,0.622251437144646,25.77427,-80.19366
"San Francisco, CA","Newark, NJ",1,0.411217159000788,37.77493,-122.41942
"Washington, D.C., DC","Newark, NJ",1,1,38.89511,-77.03637
"Baltimore, MD","Norfolk, VA",1,0.420820309362623,39.29038,-76.61219
"Charleston, SC","Norfolk, VA",1,0.897754957123057,32.77657,-79.93092
"Chicago, IL","Norfolk, VA",1,0.451229040418717,41.85003,-87.65005
"Miami, FL","Norfolk, VA",1,0.622251437144646,25.77427,-80.19366
"Philadelphia, PA","Norfolk, VA",1,0.338995763406876,39.95233,-75.16379
"Washington, D.C., DC","Norfolk, VA",1,1,38.89511,-77.03637
"Baltimore, MD","North Charleston, SC",1,0.420820309362623,39.29038,-76.61219
"Boston, MA","North Charleston, SC",1,0.319045049726675,42.35843,-71.05977
"Charleston, SC","North Charleston, SC",1,0.897754957123057,32.77657,-79.93092
"Denver, CO","North Charleston, SC",1,0.119271082975592,39.73915,-104.9847
"Houston, TX","North Charleston, SC",1,0.281535455835725,29.76328,-95.36327
"Lubbock, TX","North Charleston, SC",1,0.153063868550416,33.57786,-101.85517
"Miami, FL","North Charleston, SC",1,0.622251437144646,25.77427,-80.19366
"Philadelphia, PA","North Charleston, SC",1,0.338995763406876,39.95233,-75.16379
"San Francisco, CA","North Charleston, SC",1,0.411217159000788,37.77493,-122.41942
"Topeka, KS","North Charleston, SC",1,0.134262637764417,39.04833,-95.67804
"Washington, D.C., DC","North Charleston, SC",1,1,38.89511,-77.03637
"Baltimore, MD","Oakland, CA",1,0.420820309362623,39.29038,-76.61219
"Berkeley, CA","Oakland, CA",1,0.169136228275831,37.87159,-122.27275
"Charleston, SC","Oakland, CA",1,0.897754957123057,32.77657,-79.93092
"Chicago, IL","Oakland, CA",1,0.451229040418717,41.85003,-87.65005
"Cleveland, OH","Oakland, CA",1,0.0775692579828383,41.4995,-81.69541
"Dallas, TX","Oakland, CA",1,0.197858011541574,32.78306,-96.80667
"Los Angeles, CA","Oakland, CA",1,0.288078307545898,34.05223,-118.24368
"Miami, FL","Oakland, CA",1,0.622251437144646,25.77427,-80.19366
"Washington, D.C., DC","Oakland, CA",1,1,38.89511,-77.03637
"Baltimore, MD","Omaha, NE",1,0.420820309362623,39.29038,-76.61219
"Berkeley, CA","Omaha, NE",1,0.169136228275831,37.87159,-122.27275
"Boston, MA","Omaha, NE",1,0.319045049726675,42.35843,-71.05977
"Charleston, SC","Omaha, NE",1,0.897754957123057,32.77657,-79.93092
"Dallas, TX","Omaha, NE",1,0.197858011541574,32.78306,-96.80667
"Los Angeles, CA","Omaha, NE",1,0.288078307545898,34.05223,-118.24368
"Miami, FL","Omaha, NE",1,0.622251437144646,25.77427,-80.19366
"Philadelphia, PA","Omaha, NE",1,0.338995763406876,39.95233,-75.16379
"San Francisco, CA","Omaha, NE",1,0.411217159000788,37.77493,-122.41942
"Washington, D.C., DC","Omaha, NE",1,1,38.89511,-77.03637
"Baltimore, MD","Orlando, FL",1,0.420820309362623,39.29038,-76.61219
"Charleston, SC","Orlando, FL",1,0.897754957123057,32.77657,-79.93092
"Chicago, IL","Orlando, FL",1,0.451229040418717,41.85003,-87.65005
"Los Angeles, CA","Orlando, FL",1,0.288078307545898,34.05223,-118.24368
"Miami, FL","Orlando, FL",1,0.622251437144646,25.77427,-80.19366
"Washington, D.C., DC","Orlando, FL",1,1,38.89511,-77.03637
"Asheville, NC","Philadelphia, PA",1,0.0961714156102361,35.60095,-82.55402
"Cedar Rapids, IA","Philadelphia, PA",1,0.115455113032747,42.00833,-91.64407
"Charleston, SC","Philadelphia, PA",1,0.897754957123057,32.77657,-79.93092
"Chicago, IL","Philadelphia, PA",1,0.451229040418717,41.85003,-87.65005
"Colorado Springs, CO","Philadelphia, PA",1,0.0815830768289133,38.83388,-104.82136
"Dallas, TX","Philadelphia, PA",1,0.197858011541574,32.78306,-96.80667
"Dayton, OH","Philadelphia, PA",1,0.0896510943649442,39.75895,-84.19161
"Fresno, CA","Philadelphia, PA",1,0.0554874214809863,36.74773,-119.77237
"Gainesville, FL","Philadelphia, PA",1,0.0889357087351336,29.65163,-82.32483
"Grand Rapids, MI","Philadelphia, PA",1,0.0779373386080868,42.96336,-85.66809
"Hollywood, CA","Philadelphia, PA",1,0.334681648210652,34.09834,-118.32674
"Lafayette, LA","Philadelphia, PA",1,0.0564136413366194,30.22409,-92.01984
"Long Beach, CA","Philadelphia, PA",1,0.119506914464349,33.76696,-118.18923
"Longview, TX","Philadelphia, PA",1,0.109331244065183,32.5007,-94.74049
"Los Angeles, CA","Philadelphia, PA",1,0.288078307545898,34.05223,-118.24368
"Louisville, KY","Philadelphia, PA",1,0.103693426472895,38.25424,-85.75941
"Lubbock, TX","Philadelphia, PA",1,0.153063868550416,33.57786,-101.85517
"Miami, FL","Philadelphia, PA",1,0.622251437144646,25.77427,-80.19366
"Norfolk, VA","Philadelphia, PA",1,0.0709120488942715,36.84681,-76.28522
"North Charleston, SC","Philadelphia, PA",1,0.0769195156107602,32.85462,-79.97481
"Omaha, NE","Philadelphia, PA",1,0.111657803470143,41.25861,-95.93779
"Phoenix, AZ","Philadelphia, PA",1,0.194492798435845,33.44838,-112.07404
"Rochester, NY","Philadelphia, PA",1,0.121806262456898,43.15478,-77.61556
"Salem, OR","Philadelphia, PA",1,0.0812502022075778,44.9429,-123.0351
"San Bernardino, CA","Philadelphia, PA",1,0.0504756291097066,34.10834,-117.28977
"San Francisco, CA","Philadelphia, PA",1,0.411217159000788,37.77493,-122.41942
"Springfield, IL","Philadelphia, PA",1,0.109735491039493,39.80172,-89.64371
"Springfield, MO","Philadelphia, PA",1,0.122279169400141,37.21533,-93.29824
"Stockton, CA","Philadelphia, PA",1,0.0512250832914343,37.9577,-121.29078
"Syracuse, NY","Philadelphia, PA",1,0.102514938267383,43.04812,-76.14742
"Tampa, FL","Philadelphia, PA",1,0.0669790147402606,27.94752,-82.45843
"Tempe, AZ","Philadelphia, PA",1,0.0923955660093212,33.41477,-111.90931
"Trenton, NJ","Philadelphia, PA",1,0.0893379191699385,40.21705,-74.74294
"Tulsa, OK","Philadelphia, PA",1,0.0621626984347561,36.15398,-95.99277
"Washington, D.C., DC","Philadelphia, PA",1,1,38.89511,-77.03637
"Worcester, MA","Philadelphia, PA",1,0.0679975582453594,42.26259,-71.80229
"Arlington, TX","Phoenix, AZ",1,0.0906066104767831,32.73569,-97.10807
"Charleston, SC","Phoenix, AZ",1,0.897754957123057,32.77657,-79.93092
"Chicago, IL","Phoenix, AZ",1,0.451229040418717,41.85003,-87.65005
"Colorado Springs, CO","Phoenix, AZ",1,0.0815830768289133,38.83388,-104.82136
"Columbus, OH","Phoenix, AZ",1,0.0487628954344503,39.96118,-82.99879
"Dallas, TX","Phoenix, AZ",1,0.197858011541574,32.78306,-96.80667
"Dearborn, MI","Phoenix, AZ",1,0.092080173565032,42.32226,-83.17631
"Grand Rapids, MI","Phoenix, AZ",1,0.0779373386080868,42.96336,-85.66809
"Hollywood, CA","Phoenix, AZ",1,0.334681648210652,34.09834,-118.32674
"Longview, TX","Phoenix, AZ",1,0.109331244065183,32.5007,-94.74049
"Los Angeles, CA","Phoenix, AZ",1,0.288078307545898,34.05223,-118.24368
"Memphis, TN","Phoenix, AZ",1,0.0603584384924529,35.14953,-90.04898
"Miami, FL","Phoenix, AZ",1,0.622251437144646,25.77427,-80.19366
"Philadelphia, PA","Phoenix, AZ",1,0.338995763406876,39.95233,-75.16379
"Springfield, IL","Phoenix, AZ",1,0.109735491039493,39.80172,-89.64371
"Springfield, MO","Phoenix, AZ",1,0.122279169400141,37.21533,-93.29824
"Syracuse, NY","Phoenix, AZ",1,0.102514938267383,43.04812,-76.14742
"Tuscaloosa, AL","Phoenix, AZ",1,0.0471284190231739,33.20984,-87.56917
"Washington, D.C., DC","Phoenix, AZ",1,1,38.89511,-77.03637
"Baltimore, MD","Raleigh, NC",1,0.420820309362623,39.29038,-76.61219
"Charleston, SC","Raleigh, NC",1,0.897754957123057,32.77657,-79.93092
"Houston, TX","Raleigh, NC",1,0.281535455835725,29.76328,-95.36327
"Miami, FL","Raleigh, NC",1,0.622251437144646,25.77427,-80.19366
"Washington, D.C., DC","Raleigh, NC",1,1,38.89511,-77.03637
"Baltimore, MD","Rapid City, SD",1,0.420820309362623,39.29038,-76.61219
"Boston, MA","Rapid City, SD",1,0.319045049726675,42.35843,-71.05977
"Charleston, SC","Rapid City, SD",1,0.897754957123057,32.77657,-79.93092
"Chicago, IL","Rapid City, SD",1,0.451229040418717,41.85003,-87.65005
"Denver, CO","Rapid City, SD",1,0.119271082975592,39.73915,-104.9847
"Los Angeles, CA","Rapid City, SD",1,0.288078307545898,34.05223,-118.24368
"Miami, FL","Rapid City, SD",1,0.622251437144646,25.77427,-80.19366
"Washington, D.C., DC","Rapid City, SD",1,1,38.89511,-77.03637
"Baltimore, MD","Reno, NV",1,0.420820309362623,39.29038,-76.61219
"Berkeley, CA","Reno, NV",1,0.169136228275831,37.87159,-122.27275
"Charleston, SC","Reno, NV",1,0.897754957123057,32.77657,-79.93092
"Chicago, IL","Reno, NV",1,0.451229040418717,41.85003,-87.65005
"Houston, TX","Reno, NV",1,0.281535455835725,29.76328,-95.36327
"Los Angeles, CA","Reno, NV",1,0.288078307545898,34.05223,-118.24368
"Miami, FL","Reno, NV",1,0.622251437144646,25.77427,-80.19366
"Washington, D.C., DC","Reno, NV",1,1,38.89511,-77.03637
"Baltimore, MD","Richmond, VA",1,0.420820309362623,39.29038,-76.61219
"Boston, MA","Richmond, VA",1,0.319045049726675,42.35843,-71.05977
"Charleston, SC","Richmond, VA",1,0.897754957123057,32.77657,-79.93092
"Chicago, IL","Richmond, VA",1,0.451229040418717,41.85003,-87.65005
"Miami, FL","Richmond, VA",1,0.622251437144646,25.77427,-80.19366
"Washington, D.C., DC","Richmond, VA",1,1,38.89511,-77.03637
"Baltimore, MD","Rochester, NY",1,0.420820309362623,39.29038,-76.61219
"Charleston, SC","Rochester, NY",1,0.897754957123057,32.77657,-79.93092
"Chicago, IL","Rochester, NY",1,0.451229040418717,41.85003,-87.65005
"Houston, TX","Rochester, NY",1,0.281535455835725,29.76328,-95.36327
"Philadelphia, PA","Rochester, NY",1,0.338995763406876,39.95233,-75.16379
"San Francisco, CA","Rochester, NY",1,0.411217159000788,37.77493,-122.41942
"Washington, D.C., DC","Rochester, NY",1,1,38.89511,-77.03637
"Baltimore, MD","Sacramento, CA",1,0.420820309362623,39.29038,-76.61219
"Charleston, SC","Sacramento, CA",1,0.897754957123057,32.77657,-79.93092
"Lubbock, TX","Sacramento, CA",1,0.153063868550416,33.57786,-101.85517
"Miami, FL","Sacramento, CA",1,0.622251437144646,25.77427,-80.19366
"San Francisco, CA","Sacramento, CA",1,0.411217159000788,37.77493,-122.41942
"Washington, D.C., DC","Sacramento, CA",1,1,38.89511,-77.03637
"Baltimore, MD","Salem, OR",1,0.420820309362623,39.29038,-76.61219
"Charleston, SC","Salem, OR",1,0.897754957123057,32.77657,-79.93092
"Chicago, IL","Salem, OR",1,0.451229040418717,41.85003,-87.65005
"Houston, TX","Salem, OR",1,0.281535455835725,29.76328,-95.36327
"Miami, FL","Salem, OR",1,0.622251437144646,25.77427,-80.19366
"Philadelphia, PA","Salem, OR",1,0.338995763406876,39.95233,-75.16379
"Washington, D.C., DC","Salem, OR",1,1,38.89511,-77.03637
"Baltimore, MD","Salt Lake City, UT",1,0.420820309362623,39.29038,-76.61219
"Berkeley, CA","Salt Lake City, UT",1,0.169136228275831,37.87159,-122.27275
"Boston, MA","Salt Lake City, UT",1,0.319045049726675,42.35843,-71.05977
"Charleston, SC","Salt Lake City, UT",1,0.897754957123057,32.77657,-79.93092
"Los Angeles, CA","Salt Lake City, UT",1,0.288078307545898,34.05223,-118.24368
"Miami, FL","Salt Lake City, UT",1,0.622251437144646,25.77427,-80.19366
"Washington, D.C., DC","Salt Lake City, UT",1,1,38.89511,-77.03637
"Baltimore, MD","San Antonio, TX",1,0.420820309362623,39.29038,-76.61219
"Boston, MA","San Antonio, TX",1,0.319045049726675,42.35843,-71.05977
"Charleston, SC","San Antonio, TX",1,0.897754957123057,32.77657,-79.93092
"Hollywood, CA","San Antonio, TX",1,0.334681648210652,34.09834,-118.32674
"Los Angeles, CA","San Antonio, TX",1,0.288078307545898,34.05223,-118.24368
"Miami, FL","San Antonio, TX",1,0.622251437144646,25.77427,-80.19366
"Tucson, AZ","San Antonio, TX",1,0.0803067687671964,32.22174,-110.92648
"Washington, D.C., DC","San Antonio, TX",1,1,38.89511,-77.03637
"Boston, MA","San Bernardino, CA",1,0.319045049726675,42.35843,-71.05977
"Charleston, SC","San Bernardino, CA",1,0.897754957123057,32.77657,-79.93092
"Philadelphia, PA","San Bernardino, CA",1,0.338995763406876,39.95233,-75.16379
"San Francisco, CA","San Bernardino, CA",1,0.411217159000788,37.77493,-122.41942
"Washington, D.C., DC","San Bernardino, CA",1,1,38.89511,-77.03637
"Baltimore, MD","San Diego, CA",1,0.420820309362623,39.29038,-76.61219
"Boston, MA","San Diego, CA",1,0.319045049726675,42.35843,-71.05977
"Charleston, SC","San Diego, CA",1,0.897754957123057,32.77657,-79.93092
"Chicago, IL","San Diego, CA",1,0.451229040418717,41.85003,-87.65005
"Denver, CO","San Diego, CA",1,0.119271082975592,39.73915,-104.9847
"Grand Forks, ND","San Diego, CA",1,0.0604183710362153,47.92526,-97.03285
"Los Angeles, CA","San Diego, CA",1,0.288078307545898,34.05223,-118.24368
"Miami, FL","San Diego, CA",1,0.622251437144646,25.77427,-80.19366
"San Francisco, CA","San Diego, CA",1,0.411217159000788,37.77493,-122.41942
"Washington, D.C., DC","San Diego, CA",1,1,38.89511,-77.03637
"Akron, OH","San Francisco, CA",1,0.0822403447029508,41.08144,-81.51901
"Asheville, NC","San Francisco, CA",1,0.0961714156102361,35.60095,-82.55402
"Baltimore, MD","San Francisco, CA",1,0.420820309362623,39.29038,-76.61219
"Boise, ID","San Francisco, CA",1,0.130973659665134,43.6135,-116.20345
"Boulder, CO","San Francisco, CA",1,0.0922114363460751,40.01499,-105.27055
"Charleston, SC","San Francisco, CA",1,0.897754957123057,32.77657,-79.93092
"Charlottesville, VA","San Francisco, CA",1,0.0514965671788316,38.02931,-78.47668
"Cheyenne, WY","San Francisco, CA",1,0.114168438944151,41.13998,-104.82025
"Chicago, IL","San Francisco, CA",1,0.451229040418717,41.85003,-87.65005
"Colorado Springs, CO","San Francisco, CA",1,0.0815830768289133,38.83388,-104.82136
"Columbus, OH","San Francisco, CA",1,0.0487628954344503,39.96118,-82.99879
"Corpus Christi, TX","San Francisco, CA",1,0.0845277299397754,27.80058,-97.39638
"Dallas, TX","San Francisco, CA",1,0.197858011541574,32.78306,-96.80667
"Dayton, OH","San Francisco, CA",1,0.0896510943649442,39.75895,-84.19161
"Dearborn, MI","San Francisco, CA",1,0.092080173565032,42.32226,-83.17631
"Des Moines, IA","San Francisco, CA",1,0.073562530290963,41.60054,-93.60911
"Dover, DE","San Francisco, CA",1,0.120826211782038,39.15817,-75.52437
"Fort Lauderdale, FL","San Francisco, CA",1,0.118212436809417,26.12231,-80.14338
"Fort Worth, TX","San Francisco, CA",1,0.0400892138474912,32.72541,-97.32085
"Hollywood, CA","San Francisco, CA",1,0.334681648210652,34.09834,-118.32674
"Indianapolis, IN","San Francisco, CA",1,0.0724012299164762,39.76838,-86.15804
"Jacksonville, FL","San Francisco, CA",1,0.107292898126246,30.33218,-81.65565
"Las Vegas, NV","San Francisco, CA",1,0.0248646567686991,36.17497,-115.13722
"Longview, TX","San Francisco, CA",1,0.109331244065183,32.5007,-94.74049
"Louisville, KY","San Francisco, CA",1,0.103693426472895,38.25424,-85.75941
"Lubbock, TX","San Francisco, CA",1,0.153063868550416,33.57786,-101.85517
"Manhattan, NY","San Francisco, CA",1,0.132629679699982,40.78343,-73.96625
"Miami, FL","San Francisco, CA",1,0.622251437144646,25.77427,-80.19366
"Milwaukee, WI","San Francisco, CA",1,0.051704488345776,43.0389,-87.90647
"Missoula, MT","San Francisco, CA",1,0.0721837397773168,46.87215,-113.994
"Muskegon, MI","San Francisco, CA",1,0.0324272706312012,43.23418,-86.24839
"New Haven, CT","San Francisco, CA",1,0.0275060084285057,41.30815,-72.92816
"Newark, NJ","San Francisco, CA",1,0.0252859031229,40.73566,-74.17237
"North Charleston, SC","San Francisco, CA",1,0.0769195156107602,32.85462,-79.97481
"Omaha, NE","San Francisco, CA",1,0.111657803470143,41.25861,-95.93779
"Philadelphia, PA","San Francisco, CA",1,0.338995763406876,39.95233,-75.16379
"Rochester, NY","San Francisco, CA",1,0.121806262456898,43.15478,-77.61556
"Sacramento, CA","San Francisco, CA",1,0.0684921676325551,38.58157,-121.4944
"San Bernardino, CA","San Francisco, CA",1,0.0504756291097066,34.10834,-117.28977
"San Diego, CA","San Francisco, CA",1,0.109755850690078,32.71533,-117.15726
"Seattle, WA","San Francisco, CA",1,0.0376407154767114,47.60621,-122.33207
"Stockton, CA","San Francisco, CA",1,0.0512250832914343,37.9577,-121.29078
"Syracuse, NY","San Francisco, CA",1,0.102514938267383,43.04812,-76.14742
"Tampa, FL","San Francisco, CA",1,0.0669790147402606,27.94752,-82.45843
"Topeka, KS","San Francisco, CA",1,0.134262637764417,39.04833,-95.67804
"Tucson, AZ","San Francisco, CA",1,0.0803067687671964,32.22174,-110.92648
"Washington, D.C., DC","San Francisco, CA",1,1,38.89511,-77.03637
"Charleston, SC","Seattle, WA",1,0.897754957123057,32.77657,-79.93092
"Miami, FL","Seattle, WA",1,0.622251437144646,25.77427,-80.19366
"San Francisco, CA","Seattle, WA",1,0.411217159000788,37.77493,-122.41942
"Washington, D.C., DC","Seattle, WA",1,1,38.89511,-77.03637
"Baltimore, MD","Sioux City, IA",1,0.420820309362623,39.29038,-76.61219
"Berkeley, CA","Sioux City, IA",1,0.169136228275831,37.87159,-122.27275
"Boston, MA","Sioux City, IA",1,0.319045049726675,42.35843,-71.05977
"Charleston, SC","Sioux City, IA",1,0.897754957123057,32.77657,-79.93092
"Chicago, IL","Sioux City, IA",1,0.451229040418717,41.85003,-87.65005
"Hollywood, CA","Sioux City, IA",1,0.334681648210652,34.09834,-118.32674
"Houston, TX","Sioux City, IA",1,0.281535455835725,29.76328,-95.36327
"Los Angeles, CA","Sioux City, IA",1,0.288078307545898,34.05223,-118.24368
"Miami, FL","Sioux City, IA",1,0.622251437144646,25.77427,-80.19366
"Washington, D.C., DC","Sioux City, IA",1,1,38.89511,-77.03637
"Baltimore, MD","Sioux Falls, SD",1,0.420820309362623,39.29038,-76.61219
"Charleston, SC","Sioux Falls, SD",1,0.897754957123057,32.77657,-79.93092
"Chicago, IL","Sioux Falls, SD",1,0.451229040418717,41.85003,-87.65005
"Hollywood, CA","Sioux Falls, SD",1,0.334681648210652,34.09834,-118.32674
"Los Angeles, CA","Sioux Falls, SD",1,0.288078307545898,34.05223,-118.24368
"Miami, FL","Sioux Falls, SD",1,0.622251437144646,25.77427,-80.19366
"Washington, D.C., DC","Sioux Falls, SD",1,1,38.89511,-77.03637
"Berkeley, CA","Springfield, IL",1,0.169136228275831,37.87159,-122.27275
"Charleston, SC","Springfield, IL",1,0.897754957123057,32.77657,-79.93092
"Hollywood, CA","Springfield, IL",1,0.334681648210652,34.09834,-118.32674
"Houston, TX","Springfield, IL",1,0.281535455835725,29.76328,-95.36327
"Los Angeles, CA","Springfield, IL",1,0.288078307545898,34.05223,-118.24368
"Miami, FL","Springfield, IL",1,0.622251437144646,25.77427,-80.19366
"Philadelphia, PA","Springfield, IL",1,0.338995763406876,39.95233,-75.16379
"Phoenix, AZ","Springfield, IL",1,0.194492798435845,33.44838,-112.07404
"Washington, D.C., DC","Springfield, IL",1,1,38.89511,-77.03637
"Charleston, SC","Springfield, MO",1,0.897754957123057,32.77657,-79.93092
"Chicago, IL","Springfield, MO",1,0.451229040418717,41.85003,-87.65005
"Houston, TX","Springfield, MO",1,0.281535455835725,29.76328,-95.36327
"Philadelphia, PA","Springfield, MO",1,0.338995763406876,39.95233,-75.16379
"Phoenix, AZ","Springfield, MO",1,0.194492798435845,33.44838,-112.07404
"Washington, D.C., DC","Springfield, MO",1,1,38.89511,-77.03637
"Baltimore, MD","Stockton, CA",1,0.420820309362623,39.29038,-76.61219
"Boston, MA","Stockton, CA",1,0.319045049726675,42.35843,-71.05977
"Charleston, SC","Stockton, CA",1,0.897754957123057,32.77657,-79.93092
"Miami, FL","Stockton, CA",1,0.622251437144646,25.77427,-80.19366
"Philadelphia, PA","Stockton, CA",1,0.338995763406876,39.95233,-75.16379
"San Francisco, CA","Stockton, CA",1,0.411217159000788,37.77493,-122.41942
"Washington, D.C., DC","Stockton, CA",1,1,38.89511,-77.03637
"Boston, MA","Syracuse, NY",1,0.319045049726675,42.35843,-71.05977
"Charleston, SC","Syracuse, NY",1,0.897754957123057,32.77657,-79.93092
"Philadelphia, PA","Syracuse, NY",1,0.338995763406876,39.95233,-75.16379
"Phoenix, AZ","Syracuse, NY",1,0.194492798435845,33.44838,-112.07404
"San Francisco, CA","Syracuse, NY",1,0.411217159000788,37.77493,-122.41942
"Washington, D.C., DC","Syracuse, NY",1,1,38.89511,-77.03637
"Baltimore, MD","Tampa, FL",1,0.420820309362623,39.29038,-76.61219
"Charleston, SC","Tampa, FL",1,0.897754957123057,32.77657,-79.93092
"Chicago, IL","Tampa, FL",1,0.451229040418717,41.85003,-87.65005
"Los Angeles, CA","Tampa, FL",1,0.288078307545898,34.05223,-118.24368
"Philadelphia, PA","Tampa, FL",1,0.338995763406876,39.95233,-75.16379
"San Francisco, CA","Tampa, FL",1,0.411217159000788,37.77493,-122.41942
"Washington, D.C., DC","Tampa, FL",1,1,38.89511,-77.03637
"Baltimore, MD","Tempe, AZ",1,0.420820309362623,39.29038,-76.61219
"Boston, MA","Tempe, AZ",1,0.319045049726675,42.35843,-71.05977
"Chicago, IL","Tempe, AZ",1,0.451229040418717,41.85003,-87.65005
"Philadelphia, PA","Tempe, AZ",1,0.338995763406876,39.95233,-75.16379
"Washington, D.C., DC","Tempe, AZ",1,1,38.89511,-77.03637
"Baltimore, MD","Topeka, KS",1,0.420820309362623,39.29038,-76.61219
"Berkeley, CA","Topeka, KS",1,0.169136228275831,37.87159,-122.27275
"Charleston, SC","Topeka, KS",1,0.897754957123057,32.77657,-79.93092
"Chicago, IL","Topeka, KS",1,0.451229040418717,41.85003,-87.65005
"Cleveland, OH","Topeka, KS",1,0.0775692579828383,41.4995,-81.69541
"Hollywood, CA","Topeka, KS",1,0.334681648210652,34.09834,-118.32674
"Houston, TX","Topeka, KS",1,0.281535455835725,29.76328,-95.36327
"Miami, FL","Topeka, KS",1,0.622251437144646,25.77427,-80.19366
"North Charleston, SC","Topeka, KS",1,0.0769195156107602,32.85462,-79.97481
"San Francisco, CA","Topeka, KS",1,0.411217159000788,37.77493,-122.41942
"Washington, D.C., DC","Topeka, KS",1,1,38.89511,-77.03637
"Baltimore, MD","Trenton, NJ",1,0.420820309362623,39.29038,-76.61219
"Charleston, SC","Trenton, NJ",1,0.897754957123057,32.77657,-79.93092
"Chicago, IL","Trenton, NJ",1,0.451229040418717,41.85003,-87.65005
"Cincinnati, OH","Trenton, NJ",1,0.0761256956583688,39.162,-84.45689
"Houston, TX","Trenton, NJ",1,0.281535455835725,29.76328,-95.36327
"Los Angeles, CA","Trenton, NJ",1,0.288078307545898,34.05223,-118.24368
"Miami, FL","Trenton, NJ",1,0.622251437144646,25.77427,-80.19366
"Philadelphia, PA","Trenton, NJ",1,0.338995763406876,39.95233,-75.16379
"Washington, D.C., DC","Trenton, NJ",1,1,38.89511,-77.03637
"Boston, MA","Tucson, AZ",1,0.319045049726675,42.35843,-71.05977
"Charleston, SC","Tucson, AZ",1,0.897754957123057,32.77657,-79.93092
"Chicago, IL","Tucson, AZ",1,0.451229040418717,41.85003,-87.65005
"Dallas, TX","Tucson, AZ",1,0.197858011541574,32.78306,-96.80667
"San Antonio, TX","Tucson, AZ",1,0.111473752578563,29.42412,-98.49363
"San Francisco, CA","Tucson, AZ",1,0.411217159000788,37.77493,-122.41942
"Washington, D.C., DC","Tucson, AZ",1,1,38.89511,-77.03637
"Baltimore, MD","Tulsa, OK",1,0.420820309362623,39.29038,-76.61219
"Berkeley, CA","Tulsa, OK",1,0.169136228275831,37.87159,-122.27275
"Boston, MA","Tulsa, OK",1,0.319045049726675,42.35843,-71.05977
"Charleston, SC","Tulsa, OK",1,0.897754957123057,32.77657,-79.93092
"Houston, TX","Tulsa, OK",1,0.281535455835725,29.76328,-95.36327
"Miami, FL","Tulsa, OK",1,0.622251437144646,25.77427,-80.19366
"Philadelphia, PA","Tulsa, OK",1,0.338995763406876,39.95233,-75.16379
"Washington, D.C., DC","Tulsa, OK",1,1,38.89511,-77.03637
"Baltimore, MD","Tuscaloosa, AL",1,0.420820309362623,39.29038,-76.61219
"Charleston, SC","Tuscaloosa, AL",1,0.897754957123057,32.77657,-79.93092
"Miami, FL","Tuscaloosa, AL",1,0.622251437144646,25.77427,-80.19366
"Phoenix, AZ","Tuscaloosa, AL",1,0.194492798435845,33.44838,-112.07404
"Washington, D.C., DC","Tuscaloosa, AL",1,1,38.89511,-77.03637
"Akron, OH","Washington, D.C., DC",1,0.0822403447029508,41.08144,-81.51901
"Arlington, TX","Washington, D.C., DC",1,0.0906066104767831,32.73569,-97.10807
"Asheville, NC","Washington, D.C., DC",1,0.0961714156102361,35.60095,-82.55402
"Atlanta, GA","Washington, D.C., DC",1,0.0222125389276832,33.749,-84.38798
"Baltimore, MD","Washington, D.C., DC",1,0.420820309362623,39.29038,-76.61219
"Berkeley, CA","Washington, D.C., DC",1,0.169136228275831,37.87159,-122.27275
"Boise, ID","Washington, D.C., DC",1,0.130973659665134,43.6135,-116.20345
"Boston, MA","Washington, D.C., DC",1,0.319045049726675,42.35843,-71.05977
"Boulder, CO","Washington, D.C., DC",1,0.0922114363460751,40.01499,-105.27055
"Brockton, MA","Washington, D.C., DC",1,0.0739837959663356,42.08343,-71.01838
"Burlington, VT","Washington, D.C., DC",1,0.13432498471558,44.47588,-73.21207
"Cedar Rapids, IA","Washington, D.C., DC",1,0.115455113032747,42.00833,-91.64407
"Charleston, SC","Washington, D.C., DC",1,0.897754957123057,32.77657,-79.93092
"Charlotte, NC","Washington, D.C., DC",1,0.0179964157087313,35.22709,-80.84313
"Charlottesville, VA","Washington, D.C., DC",1,0.0514965671788316,38.02931,-78.47668
"Chattanooga, TN","Washington, D.C., DC",1,0.0232041045801098,35.04563,-85.30968
"Cheyenne, WY","Washington, D.C., DC",1,0.114168438944151,41.13998,-104.82025
"Chicago, IL","Washington, D.C., DC",1,0.451229040418717,41.85003,-87.65005
"Cincinnati, OH","Washington, D.C., DC",1,0.0761256956583688,39.162,-84.45689
"Cleveland, OH","Washington, D.C., DC",1,0.0775692579828383,41.4995,-81.69541
"Colorado Springs, CO","Washington, D.C., DC",1,0.0815830768289133,38.83388,-104.82136
"Columbus, OH","Washington, D.C., DC",1,0.0487628954344503,39.96118,-82.99879
"Corpus Christi, TX","Washington, D.C., DC",1,0.0845277299397754,27.80058,-97.39638
"Dallas, TX","Washington, D.C., DC",1,0.197858011541574,32.78306,-96.80667
"Dayton, OH","Washington, D.C., DC",1,0.0896510943649442,39.75895,-84.19161
"Dearborn, MI","Washington, D.C., DC",1,0.092080173565032,42.32226,-83.17631
"Denton, TX","Washington, D.C., DC",1,0.0850693446341524,33.21484,-97.13307
"Denver, CO","Washington, D.C., DC",1,0.119271082975592,39.73915,-104.9847
"Des Moines, IA","Washington, D.C., DC",1,0.073562530290963,41.60054,-93.60911
"Detroit, MI","Washington, D.C., DC",1,0.141250137361405,42.33143,-83.04575
"Dover, DE","Washington, D.C., DC",1,0.120826211782038,39.15817,-75.52437
"El Paso, TX","Washington, D.C., DC",1,0.0558539762561872,31.75872,-106.48693
"Fort Lauderdale, FL","Washington, D.C., DC",1,0.118212436809417,26.12231,-80.14338
"Fort Wayne, IN","Washington, D.C., DC",1,0.0800873857154442,41.1306,-85.12886
"Fort Worth, TX","Washington, D.C., DC",1,0.0400892138474912,32.72541,-97.32085
"Framingham, MA","Washington, D.C., DC",1,0.068499899140598,42.27926,-71.41617
"Fresno, CA","Washington, D.C., DC",1,0.0554874214809863,36.74773,-119.77237
"Gainesville, FL","Washington, D.C., DC",1,0.0889357087351336,29.65163,-82.32483
"Grand Forks, ND","Washington, D.C., DC",1,0.0604183710362153,47.92526,-97.03285
"Grand Rapids, MI","Washington, D.C., DC",1,0.0779373386080868,42.96336,-85.66809
"Hollywood, CA","Washington, D.C., DC",1,0.334681648210652,34.09834,-118.32674
"Houston, TX","Washington, D.C., DC",1,0.281535455835725,29.76328,-95.36327
"Indianapolis, IN","Washington, D.C., DC",1,0.0724012299164762,39.76838,-86.15804
"Jacksonville, FL","Washington, D.C., DC",1,0.107292898126246,30.33218,-81.65565
"Lafayette, LA","Washington, D.C., DC",1,0.0564136413366194,30.22409,-92.01984
"Las Cruces, NM","Washington, D.C., DC",1,0.0489649214363718,32.31232,-106.77834
"Las Vegas, NV","Washington, D.C., DC",1,0.0248646567686991,36.17497,-115.13722
"Long Beach, CA","Washington, D.C., DC",1,0.119506914464349,33.76696,-118.18923
"Longview, TX","Washington, D.C., DC",1,0.109331244065183,32.5007,-94.74049
"Los Angeles, CA","Washington, D.C., DC",1,0.288078307545898,34.05223,-118.24368
"Louisville, KY","Washington, D.C., DC",1,0.103693426472895,38.25424,-85.75941
"Lubbock, TX","Washington, D.C., DC",1,0.153063868550416,33.57786,-101.85517
"Manhattan, NY","Washington, D.C., DC",1,0.132629679699982,40.78343,-73.96625
"Memphis, TN","Washington, D.C., DC",1,0.0603584384924529,35.14953,-90.04898
"Miami, FL","Washington, D.C., DC",1,0.622251437144646,25.77427,-80.19366
"Milwaukee, WI","Washington, D.C., DC",1,0.051704488345776,43.0389,-87.90647
"Minneapolis, MN","Washington, D.C., DC",1,0.00702811160758032,44.97997,-93.26384
"Missoula, MT","Washington, D.C., DC",1,0.0721837397773168,46.87215,-113.994
"Modesto, CA","Washington, D.C., DC",1,0.0731459676391033,37.6391,-120.99688
"Muskegon, MI","Washington, D.C., DC",1,0.0324272706312012,43.23418,-86.24839
"Nashville, TN","Washington, D.C., DC",1,0.0471423260906846,36.16589,-86.78444
"New Haven, CT","Washington, D.C., DC",1,0.0275060084285057,41.30815,-72.92816
"New Orleans, LA","Washington, D.C., DC",1,0.0529215779585864,29.95465,-90.07507
"Newark, NJ","Washington, D.C., DC",1,0.0252859031229,40.73566,-74.17237
"Norfolk, VA","Washington, D.C., DC",1,0.0709120488942715,36.84681,-76.28522
"North Charleston, SC","Washington, D.C., DC",1,0.0769195156107602,32.85462,-79.97481
"Oakland, CA","Washington, D.C., DC",1,0.143459338112443,37.80437,-122.2708
"Omaha, NE","Washington, D.C., DC",1,0.111657803470143,41.25861,-95.93779
"Orlando, FL","Washington, D.C., DC",1,0.0363156941972536,28.53834,-81.37924
"Philadelphia, PA","Washington, D.C., DC",1,0.338995763406876,39.95233,-75.16379
"Phoenix, AZ","Washington, D.C., DC",1,0.194492798435845,33.44838,-112.07404
"Raleigh, NC","Washington, D.C., DC",1,0.050245944648319,35.7721,-78.63861
"Rapid City, SD","Washington, D.C., DC",1,0.0717847627010361,44.08054,-103.23101
"Reno, NV","Washington, D.C., DC",1,0.0767701659154304,39.52963,-119.8138
"Richmond, VA","Washington, D.C., DC",1,0.0556556273874375,37.55376,-77.46026
"Rochester, NY","Washington, D.C., DC",1,0.121806262456898,43.15478,-77.61556
"Sacramento, CA","Washington, D.C., DC",1,0.0684921676325551,38.58157,-121.4944
"Salem, OR","Washington, D.C., DC",1,0.0812502022075778,44.9429,-123.0351
"Salt Lake City, UT","Washington, D.C., DC",1,0.06370635802532,40.76078,-111.89105
"San Antonio, TX","Washington, D.C., DC",1,0.111473752578563,29.42412,-98.49363
"San Bernardino, CA","Washington, D.C., DC",1,0.0504756291097066,34.10834,-117.28977
"San Diego, CA","Washington, D.C., DC",1,0.109755850690078,32.71533,-117.15726
"San Francisco, CA","Washington, D.C., DC",1,0.411217159000788,37.77493,-122.41942
"Seattle, WA","Washington, D.C., DC",1,0.0376407154767114,47.60621,-122.33207
"Sioux City, IA","Washington, D.C., DC",1,0.11951800111249,42.49999,-96.40031
"Sioux Falls, SD","Washington, D.C., DC",1,0.102682589848881,43.54997,-96.70033
"Springfield, IL","Washington, D.C., DC",1,0.109735491039493,39.80172,-89.64371
"Springfield, MO","Washington, D.C., DC",1,0.122279169400141,37.21533,-93.29824
"Stockton, CA","Washington, D.C., DC",1,0.0512250832914343,37.9577,-121.29078
"Syracuse, NY","Washington, D.C., DC",1,0.102514938267383,43.04812,-76.14742
"Tampa, FL","Washington, D.C., DC",1,0.0669790147402606,27.94752,-82.45843
"Tempe, AZ","Washington, D.C., DC",1,0.0923955660093212,33.41477,-111.90931
"Topeka, KS","Washington, D.C., DC",1,0.134262637764417,39.04833,-95.67804
"Trenton, NJ","Washington, D.C., DC",1,0.0893379191699385,40.21705,-74.74294
"Tucson, AZ","Washington, D.C., DC",1,0.0803067687671964,32.22174,-110.92648
"Tulsa, OK","Washington, D.C., DC",1,0.0621626984347561,36.15398,-95.99277
"Tuscaloosa, AL","Washington, D.C., DC",1,0.0471284190231739,33.20984,-87.56917
"West Palm Beach, FL","Washington, D.C., DC",1,0.0599786202555604,26.71534,-80.05337
"Worcester, MA","Washington, D.C., DC",1,0.0679975582453594,42.26259,-71.80229
"Chicago, IL","West Palm Beach, FL",1,0.451229040418717,41.85003,-87.65005
"Houston, TX","West Palm Beach, FL",1,0.281535455835725,29.76328,-95.36327
"Miami, FL","West Palm Beach, FL",1,0.622251437144646,25.77427,-80.19366
"Washington, D.C., DC","West Palm Beach, FL",1,1,38.89511,-77.03637
"Boston, MA","Worcester, MA",1,0.319045049726675,42.35843,-71.05977
"Charleston, SC","Worcester, MA",1,0.897754957123057,32.77657,-79.93092
"Chicago, IL","Worcester, MA",1,0.451229040418717,41.85003,-87.65005
"Denver, CO","Worcester, MA",1,0.119271082975592,39.73915,-104.9847
"Miami, FL","Worcester, MA",1,0.622251437144646,25.77427,-80.19366
"Philadelphia, PA","Worcester, MA",1,0.338995763406876,39.95233,-75.16379
"Washington, D.C., DC","Worcester, MA",1,1,38.89511,-77.03637
